Checking Acc Status,Duration(months),Credit Amount,Savings,Present employment since,Installment rate,Gurantors,Present residence since,Age(Years),Number of existing credits at this bank,Job,People Maintainance,Telephone,foreign worker,Loan Quality,Gender,Marital_Status,Property_car/other,Property_life insurance/building society,Property_real estate,Property_unknown,Other installment plans_bank,Other installment plans_none,Other installment plans_stores,Housing_for free,Housing_own,Housing_rent,Credit History_all credits paid (this bank),Credit History_credits paid till now,Credit History_critical/other credits,Credit History_delay in past,Credit History_no credits/all paid,Purpose_business,Purpose_car (new),Purpose_car (used),Purpose_domestic appliances,Purpose_education,Purpose_furniture/equipment,Purpose_others,Purpose_radio/television,Purpose_repairs,Purpose_retraining
0.0,6,1169,4.0,4.0,4,0,4,67,2,2.0,1,1,1,0,0,0,0,0,1,0,0,1,0,0,1,0,0,0,1,0,0,0,0,0,0,0,0,0,1,0,0
1.0,48,5951,0.0,2.0,2,0,2,22,1,2.0,1,0,1,1,1,1,0,0,1,0,0,1,0,0,1,0,0,1,0,0,0,0,0,0,0,0,0,0,1,0,0
3.0,12,2096,0.0,3.0,2,0,3,49,1,1.0,2,0,1,0,0,0,0,0,1,0,0,1,0,0,1,0,0,0,1,0,0,0,0,0,0,1,0,0,0,0,0
0.0,42,7882,0.0,3.0,2,1,4,45,1,2.0,2,0,1,0,0,0,0,1,0,0,0,1,0,1,0,0,0,1,0,0,0,0,0,0,0,0,1,0,0,0,0
0.0,24,4870,0.0,2.0,3,0,4,53,2,2.0,2,0,1,1,0,0,0,0,0,1,0,1,0,1,0,0,0,0,0,1,0,0,1,0,0,0,0,0,0,0,0
3.0,36,9055,4.0,2.0,2,0,4,35,1,1.0,2,1,1,0,0,0,0,0,0,1,0,1,0,1,0,0,0,1,0,0,0,0,0,0,0,1,0,0,0,0,0
3.0,24,2835,2.0,4.0,3,0,4,53,1,2.0,1,0,1,0,0,0,0,1,0,0,0,1,0,0,1,0,0,1,0,0,0,0,0,0,0,0,1,0,0,0,0
1.0,36,6948,0.0,2.0,2,0,2,35,1,3.0,1,1,1,0,0,0,1,0,0,0,0,1,0,0,0,1,0,1,0,0,0,0,0,1,0,0,0,0,0,0,0
3.0,12,3059,3.0,3.0,2,0,4,61,1,1.0,1,0,1,0,0,1,0,0,1,0,0,1,0,0,1,0,0,1,0,0,0,0,0,0,0,0,0,0,1,0,0
1.0,30,5234,0.0,0.0,4,0,2,28,2,3.0,1,0,1,1,0,1,1,0,0,0,0,1,0,0,1,0,0,0,1,0,0,0,1,0,0,0,0,0,0,0,0
1.0,12,1295,0.0,1.0,3,0,1,25,1,2.0,1,0,1,1,1,1,1,0,0,0,0,1,0,0,0,1,0,1,0,0,0,0,1,0,0,0,0,0,0,0,0
0.0,48,4308,0.0,1.0,3,0,4,24,1,2.0,1,0,1,1,1,1,0,1,0,0,0,1,0,0,0,1,0,1,0,0,0,1,0,0,0,0,0,0,0,0,0
1.0,12,1567,0.0,2.0,1,0,1,22,1,2.0,1,1,1,0,1,1,1,0,0,0,0,1,0,0,1,0,0,1,0,0,0,0,0,0,0,0,0,0,1,0,0
0.0,24,1199,0.0,4.0,4,0,4,60,2,1.0,1,0,1,1,0,0,1,0,0,0,0,1,0,0,1,0,0,0,1,0,0,0,1,0,0,0,0,0,0,0,0
0.0,15,1403,0.0,2.0,2,0,4,28,1,2.0,1,0,1,0,1,1,1,0,0,0,0,1,0,0,0,1,0,1,0,0,0,0,1,0,0,0,0,0,0,0,0
0.0,24,1282,1.0,2.0,4,0,2,32,1,1.0,1,0,1,1,1,1,1,0,0,0,0,1,0,0,1,0,0,1,0,0,0,0,0,0,0,0,0,0,1,0,0
3.0,24,2424,4.0,4.0,4,0,4,53,2,2.0,1,0,1,0,0,0,0,1,0,0,0,1,0,0,1,0,0,0,1,0,0,0,0,0,0,0,0,0,1,0,0
0.0,30,8072,4.0,1.0,2,0,3,25,3,2.0,1,0,1,0,0,0,1,0,0,0,1,0,0,0,1,0,0,0,0,0,1,1,0,0,0,0,0,0,0,0,0
1.0,24,12579,0.0,4.0,4,0,2,44,1,3.0,1,1,1,1,1,1,0,0,0,1,0,1,0,1,0,0,0,1,0,0,0,0,0,1,0,0,0,0,0,0,0
3.0,24,3430,2.0,4.0,3,0,2,31,1,2.0,2,1,1,0,0,0,1,0,0,0,0,1,0,0,1,0,0,1,0,0,0,0,0,0,0,0,0,0,1,0,0
3.0,9,2134,0.0,2.0,4,0,4,48,3,2.0,1,1,1,0,0,0,1,0,0,0,0,1,0,0,1,0,0,0,1,0,0,0,1,0,0,0,0,0,0,0,0
0.0,6,2647,2.0,2.0,2,0,3,44,1,2.0,2,0,1,0,0,0,0,0,1,0,0,1,0,0,0,1,0,1,0,0,0,0,0,0,0,0,0,0,1,0,0
0.0,10,2241,0.0,1.0,1,0,3,48,2,1.0,2,0,0,0,0,0,0,0,1,0,0,1,0,0,0,1,0,0,1,0,0,0,1,0,0,0,0,0,0,0,0
1.0,12,1804,1.0,1.0,3,0,4,44,1,2.0,1,0,1,0,0,0,0,1,0,0,0,1,0,0,1,0,0,0,1,0,0,0,0,1,0,0,0,0,0,0,0
3.0,10,2069,4.0,2.0,2,0,1,26,2,2.0,1,0,0,0,0,1,1,0,0,0,0,1,0,0,1,0,0,0,1,0,0,0,0,0,0,0,1,0,0,0,0
0.0,6,1374,0.0,2.0,1,0,2,36,1,1.0,1,1,1,0,0,0,0,0,1,0,1,0,0,0,1,0,0,1,0,0,0,0,0,0,0,0,1,0,0,0,0
3.0,6,426,0.0,4.0,4,0,4,39,1,1.0,1,0,1,0,0,1,1,0,0,0,0,1,0,0,1,0,0,0,0,0,1,0,0,0,0,0,0,0,1,0,0
2.0,12,409,3.0,2.0,3,0,3,42,2,2.0,1,0,1,0,1,1,0,0,1,0,0,1,0,0,0,1,1,0,0,0,0,0,0,0,0,0,0,0,1,0,0
1.0,7,2415,0.0,2.0,3,1,2,34,1,2.0,1,0,1,0,0,0,0,0,1,0,0,1,0,0,1,0,0,1,0,0,0,0,0,0,0,0,0,0,1,0,0
0.0,60,6836,0.0,4.0,3,0,4,63,2,2.0,1,1,1,1,0,0,0,0,0,1,0,1,0,0,1,0,0,0,0,1,0,1,0,0,0,0,0,0,0,0,0
1.0,18,1913,3.0,1.0,3,0,3,36,1,2.0,1,1,1,0,0,1,0,0,1,0,1,0,0,0,1,0,0,1,0,0,0,1,0,0,0,0,0,0,0,0,0
0.0,24,4020,0.0,2.0,2,0,2,27,1,2.0,1,0,1,0,0,0,1,0,0,0,0,0,1,0,1,0,0,1,0,0,0,0,0,0,0,0,1,0,0,0,0
1.0,18,5866,1.0,2.0,2,0,2,30,2,2.0,1,1,1,0,0,0,1,0,0,0,0,1,0,0,1,0,0,1,0,0,0,0,1,0,0,0,0,0,0,0,0
3.0,12,1264,4.0,4.0,4,0,4,57,1,1.0,1,0,1,0,0,0,0,0,0,1,0,1,0,0,0,1,0,0,1,0,0,1,0,0,0,0,0,0,0,0,0
2.0,12,1474,0.0,1.0,4,0,1,33,1,3.0,1,1,1,0,1,1,0,1,0,0,1,0,0,0,1,0,0,1,0,0,0,0,0,0,0,0,1,0,0,0,0
1.0,45,4746,0.0,1.0,4,0,2,25,2,1.0,1,0,1,1,0,0,0,1,0,0,0,1,0,0,1,0,0,0,1,0,0,0,0,0,0,0,0,0,1,0,0
3.0,48,6110,0.0,2.0,1,0,3,31,1,2.0,1,1,1,0,0,0,0,0,0,1,1,0,0,1,0,0,0,0,1,0,0,0,0,0,0,1,0,0,0,0,0
2.0,18,2100,0.0,2.0,4,1,2,37,1,2.0,1,0,1,1,0,0,0,0,1,0,0,0,1,0,1,0,0,1,0,0,0,0,0,0,0,0,0,0,1,0,0
2.0,10,1225,0.0,2.0,2,0,2,37,1,2.0,1,1,1,0,0,0,1,0,0,0,0,1,0,0,1,0,0,1,0,0,0,0,0,0,1,0,0,0,0,0,0
1.0,9,458,0.0,2.0,4,0,3,24,1,2.0,1,0,1,0,0,0,0,0,1,0,0,1,0,0,1,0,0,1,0,0,0,0,0,0,0,0,0,0,1,0,0
3.0,30,2333,2.0,4.0,4,0,2,30,1,3.0,1,0,1,0,0,0,1,0,0,0,1,0,0,0,1,0,0,1,0,0,0,0,0,0,0,0,0,0,1,0,0
1.0,12,1158,2.0,2.0,3,0,1,26,1,2.0,1,1,1,0,0,1,1,0,0,0,0,1,0,0,1,0,0,1,0,0,0,0,0,0,0,0,0,0,1,0,0
1.0,18,6204,0.0,2.0,2,0,4,44,1,1.0,2,1,1,0,0,0,0,0,1,0,0,1,0,0,1,0,0,0,0,1,0,0,0,0,0,0,0,0,0,1,0
0.0,30,6187,1.0,3.0,1,0,4,24,2,2.0,1,0,1,0,0,1,1,0,0,0,0,1,0,0,0,1,0,0,1,0,0,0,0,1,0,0,0,0,0,0,0
0.0,48,6143,0.0,4.0,4,0,4,58,2,1.0,1,0,1,1,1,1,0,0,0,1,0,0,1,1,0,0,0,0,1,0,0,0,0,1,0,0,0,0,0,0,0
3.0,11,1393,0.0,1.0,4,0,4,35,2,3.0,1,0,1,0,1,1,1,0,0,0,0,1,0,0,1,0,0,0,1,0,0,0,1,0,0,0,0,0,0,0,0
3.0,36,2299,2.0,4.0,4,0,4,39,1,2.0,1,0,1,0,0,0,1,0,0,0,0,1,0,0,1,0,0,1,0,0,0,0,0,0,0,0,0,0,1,0,0
0.0,6,1352,2.0,0.0,1,0,2,23,1,0.0,1,1,1,0,1,1,0,1,0,0,0,1,0,0,0,1,0,1,0,0,0,0,0,1,0,0,0,0,0,0,0
3.0,11,7228,0.0,2.0,1,0,4,39,2,1.0,1,0,1,0,0,0,0,1,0,0,0,1,0,0,1,0,0,0,1,0,0,0,1,0,0,0,0,0,0,0,0
3.0,12,2073,1.0,2.0,4,1,2,28,1,2.0,1,0,1,0,1,1,0,0,1,0,0,1,0,0,1,0,0,1,0,0,0,0,0,0,0,0,0,0,1,0,0
1.0,24,2333,4.0,1.0,4,0,2,29,1,1.0,1,0,1,0,0,0,0,1,0,0,1,0,0,0,1,0,0,0,0,1,0,0,0,0,0,0,1,0,0,0,0
1.0,27,5965,0.0,4.0,1,0,2,30,2,3.0,1,1,1,0,0,0,1,0,0,0,0,1,0,0,1,0,0,0,0,1,0,0,0,1,0,0,0,0,0,0,0
3.0,12,1262,0.0,2.0,3,0,2,25,1,2.0,1,0,1,0,0,0,1,0,0,0,0,1,0,0,1,0,0,1,0,0,0,0,0,0,0,0,0,0,1,0,0
3.0,18,3378,4.0,2.0,2,0,1,31,1,2.0,1,1,1,0,0,0,0,1,0,0,0,1,0,0,1,0,0,1,0,0,0,0,0,1,0,0,0,0,0,0,0
1.0,36,2225,0.0,4.0,4,0,4,57,2,2.0,1,1,1,1,0,0,0,0,0,1,1,0,0,1,0,0,0,0,0,1,0,0,1,0,0,0,0,0,0,0,0
3.0,6,783,4.0,2.0,1,1,2,26,1,1.0,2,0,1,0,0,0,0,0,1,0,0,0,1,0,1,0,1,0,0,0,0,0,1,0,0,0,0,0,0,0,0
1.0,12,6468,4.0,0.0,2,0,1,52,1,3.0,1,1,1,1,0,0,0,0,0,1,0,1,0,0,1,0,0,1,0,0,0,0,0,0,0,0,0,0,1,0,0
3.0,36,9566,0.0,2.0,2,0,2,31,2,2.0,1,0,1,0,1,1,1,0,0,0,0,0,1,0,1,0,0,0,1,0,0,0,0,0,0,0,0,0,1,0,0
2.0,18,1961,0.0,4.0,3,0,2,23,1,3.0,1,0,1,0,1,1,1,0,0,0,0,1,0,0,1,0,0,1,0,0,0,0,1,0,0,0,0,0,0,0,0
0.0,36,6229,0.0,1.0,4,1,4,23,2,1.0,1,1,1,1,1,1,0,0,0,1,0,1,0,0,0,1,0,0,1,0,0,0,0,0,0,0,1,0,0,0,0
1.0,9,1391,0.0,2.0,2,0,1,27,1,2.0,1,1,1,0,0,1,0,0,1,0,1,0,0,0,1,0,0,1,0,0,0,1,0,0,0,0,0,0,0,0,0
1.0,15,1537,4.0,4.0,4,1,4,50,2,2.0,1,1,1,0,0,0,0,0,1,0,0,1,0,0,1,0,0,0,1,0,0,0,0,0,0,0,0,0,1,0,0
1.0,36,1953,0.0,4.0,4,0,4,61,1,3.0,1,1,1,1,0,0,0,0,0,1,0,1,0,1,0,0,0,0,0,0,1,1,0,0,0,0,0,0,0,0,0
1.0,48,14421,0.0,2.0,2,0,2,25,1,2.0,1,1,1,1,0,0,1,0,0,0,0,1,0,0,1,0,0,0,0,0,1,1,0,0,0,0,0,0,0,0,0
3.0,24,3181,0.0,1.0,4,0,4,26,1,2.0,1,1,1,0,1,1,0,1,0,0,0,1,0,0,1,0,0,1,0,0,0,0,0,0,0,0,0,0,1,0,0
3.0,27,5190,4.0,4.0,4,0,4,48,4,2.0,2,1,1,0,0,0,0,1,0,0,0,1,0,0,1,0,0,1,0,0,0,0,0,0,0,0,0,0,0,1,0
3.0,12,2171,0.0,1.0,2,0,2,29,1,2.0,1,0,1,0,1,1,1,0,0,0,1,0,0,0,1,0,0,1,0,0,0,0,0,0,0,0,0,0,1,0,0
1.0,12,1007,3.0,2.0,4,0,1,22,1,2.0,1,0,1,0,0,1,0,0,1,0,0,1,0,0,1,0,0,1,0,0,0,0,1,0,0,0,0,0,0,0,0
3.0,36,1819,0.0,2.0,4,0,4,37,1,2.0,1,1,1,1,0,0,0,0,0,1,0,0,1,1,0,0,0,1,0,0,0,0,0,0,0,1,0,0,0,0,0
3.0,36,2394,4.0,2.0,4,0,4,25,1,2.0,1,0,1,0,1,1,1,0,0,0,0,1,0,0,1,0,0,1,0,0,0,0,0,0,0,0,0,0,1,0,0
3.0,36,8133,0.0,2.0,1,0,2,30,1,2.0,1,0,1,0,1,1,0,1,0,0,1,0,0,0,1,0,0,1,0,0,0,0,0,1,0,0,0,0,0,0,0
3.0,7,730,4.0,4.0,4,0,2,46,2,1.0,1,1,1,0,0,0,0,1,0,0,0,1,0,0,0,1,0,0,1,0,0,0,0,0,0,0,0,0,1,0,0
0.0,8,1164,0.0,4.0,3,0,4,51,2,3.0,2,1,1,0,0,0,0,0,0,1,1,0,0,1,0,0,0,0,1,0,0,0,0,0,0,0,0,1,0,0,0
1.0,42,5954,0.0,3.0,2,0,1,41,2,1.0,1,0,1,0,1,1,0,0,1,0,1,0,0,0,1,0,0,0,1,0,0,1,0,0,0,0,0,0,0,0,0
0.0,36,1977,4.0,4.0,4,0,4,40,1,3.0,1,1,1,1,0,0,0,0,0,1,0,1,0,0,1,0,0,1,0,0,0,0,0,0,0,1,0,0,0,0,0
0.0,12,1526,0.0,4.0,4,0,4,66,2,3.0,1,0,1,0,0,0,0,0,0,1,0,1,0,1,0,0,0,0,1,0,0,0,0,1,0,0,0,0,0,0,0
0.0,42,3965,0.0,1.0,4,0,3,34,1,2.0,1,0,1,1,0,0,1,0,0,0,0,1,0,0,1,0,0,1,0,0,0,0,0,0,0,0,0,0,1,0,0
1.0,11,4771,0.0,3.0,2,0,4,51,1,2.0,1,0,1,0,0,0,0,1,0,0,0,1,0,0,1,0,0,0,0,1,0,0,0,0,0,0,0,0,1,0,0
3.0,54,9436,4.0,2.0,2,0,2,39,1,1.0,2,0,1,0,0,0,0,1,0,0,0,1,0,0,1,0,0,0,0,0,1,0,0,1,0,0,0,0,0,0,0
1.0,30,3832,0.0,1.0,2,0,1,22,1,2.0,1,0,1,0,0,1,0,1,0,0,0,1,0,0,1,0,0,1,0,0,0,0,0,0,0,0,1,0,0,0,0
3.0,24,5943,4.0,1.0,1,0,1,44,2,2.0,1,1,1,1,1,1,1,0,0,0,0,1,0,0,1,0,0,1,0,0,0,0,0,0,0,0,0,0,1,0,0
3.0,15,1213,2.0,4.0,4,0,3,47,1,2.0,1,1,1,0,0,0,0,1,0,0,0,0,1,0,1,0,0,1,0,0,0,0,0,0,0,0,0,0,1,0,0
3.0,18,1568,1.0,2.0,3,0,4,24,1,1.0,1,0,1,0,1,1,0,1,0,0,0,1,0,0,0,1,0,1,0,0,0,1,0,0,0,0,0,0,0,0,0
0.0,24,1755,0.0,4.0,4,1,4,58,1,1.0,1,1,1,0,1,1,0,0,1,0,0,1,0,0,1,0,0,1,0,0,0,0,0,0,0,0,0,1,0,0,0
0.0,10,2315,0.0,4.0,3,0,4,52,1,1.0,1,0,1,0,0,0,0,0,1,0,0,1,0,0,1,0,0,1,0,0,0,0,0,0,0,0,0,0,1,0,0
3.0,12,1412,0.0,2.0,4,1,2,29,2,3.0,1,1,1,0,1,1,0,0,1,0,0,1,0,0,1,0,0,0,1,0,0,1,0,0,0,0,0,0,0,0,0
1.0,18,1295,0.0,1.0,4,0,1,27,2,2.0,1,0,1,0,1,1,0,1,0,0,0,1,0,0,1,0,0,0,1,0,0,0,0,0,0,0,1,0,0,0,0
1.0,36,12612,1.0,2.0,1,0,4,47,1,2.0,2,1,1,1,0,0,0,0,0,1,0,1,0,1,0,0,0,1,0,0,0,0,0,0,0,1,0,0,0,0,0
0.0,18,2249,1.0,3.0,4,0,3,30,1,3.0,2,1,1,0,0,0,1,0,0,0,0,1,0,0,1,0,0,1,0,0,0,0,1,0,0,0,0,0,0,0,0
0.0,12,1108,0.0,3.0,4,0,3,28,2,2.0,1,0,1,1,0,0,0,0,1,0,0,1,0,0,1,0,0,0,0,0,1,0,0,0,0,0,0,0,0,1,0
3.0,12,618,0.0,4.0,4,0,4,56,1,2.0,1,0,1,0,0,0,0,0,1,0,0,1,0,0,1,0,0,0,1,0,0,0,0,0,0,0,0,0,1,0,0
0.0,12,1409,0.0,4.0,4,0,3,54,1,2.0,1,0,1,0,0,0,0,0,1,0,0,1,0,0,1,0,0,0,1,0,0,0,0,1,0,0,0,0,0,0,0
3.0,12,797,4.0,4.0,4,0,3,33,1,1.0,2,0,1,1,1,1,0,1,0,0,1,0,0,0,1,0,0,0,1,0,0,0,0,0,0,0,0,0,1,0,0
2.0,24,3617,4.0,4.0,4,1,4,20,2,2.0,1,0,1,0,0,0,0,0,0,1,0,1,0,0,0,1,0,0,1,0,0,0,0,0,0,0,1,0,0,0,0
1.0,12,1318,3.0,4.0,4,0,4,54,1,2.0,1,1,1,0,0,0,0,0,1,0,0,1,0,0,1,0,0,1,0,0,0,0,1,0,0,0,0,0,0,0,0
1.0,54,15945,0.0,1.0,3,0,4,58,1,2.0,1,1,1,1,0,0,0,0,0,1,0,1,0,0,0,1,0,0,0,0,1,1,0,0,0,0,0,0,0,0,0
3.0,12,2012,4.0,3.0,4,0,2,61,1,2.0,1,0,1,0,1,1,1,0,0,0,0,1,0,0,1,0,0,0,1,0,0,0,0,0,0,1,0,0,0,0,0
1.0,18,2622,1.0,2.0,4,0,4,34,1,2.0,1,0,1,0,0,0,1,0,0,0,0,1,0,0,1,0,0,1,0,0,0,1,0,0,0,0,0,0,0,0,0
1.0,36,2337,0.0,4.0,4,0,4,36,1,2.0,1,0,1,0,0,0,0,0,1,0,0,1,0,0,1,0,0,0,1,0,0,0,0,0,0,0,0,0,1,0,0
1.0,20,7057,4.0,3.0,3,0,4,36,2,3.0,2,1,1,0,0,0,0,1,0,0,1,0,0,0,0,1,0,0,0,1,0,0,0,1,0,0,0,0,0,0,0
3.0,24,1469,1.0,4.0,4,0,4,41,1,1.0,1,0,1,0,0,1,0,0,1,0,0,1,0,0,0,1,0,1,0,0,0,0,1,0,0,0,0,0,0,0,0
1.0,36,2323,0.0,3.0,4,0,4,24,1,2.0,1,0,1,0,0,0,1,0,0,0,0,1,0,0,0,1,0,1,0,0,0,0,0,0,0,0,0,0,1,0,0
3.0,6,932,0.0,2.0,3,0,2,24,1,2.0,1,0,1,0,1,1,0,0,1,0,0,1,0,0,1,0,0,0,0,1,0,0,0,0,0,0,0,0,1,0,0
1.0,9,1919,0.0,3.0,4,0,3,35,1,2.0,1,1,1,0,0,0,1,0,0,0,0,1,0,0,0,1,0,0,1,0,0,0,0,0,0,0,1,0,0,0,0
3.0,12,2445,4.0,1.0,2,0,4,26,1,2.0,1,1,1,0,0,1,1,0,0,0,0,1,0,0,0,1,0,1,0,0,0,0,0,1,0,0,0,0,0,0,0
1.0,24,11938,0.0,2.0,2,1,3,39,2,3.0,2,1,1,1,0,0,1,0,0,0,0,1,0,0,1,0,0,0,1,0,0,0,0,0,0,0,0,1,0,0,0
3.0,18,6458,0.0,4.0,2,0,4,39,2,3.0,2,1,1,1,0,0,0,0,0,1,1,0,0,0,1,0,1,0,0,0,0,0,1,0,0,0,0,0,0,0,0
1.0,12,6078,0.0,3.0,2,0,2,32,1,2.0,1,0,1,0,0,0,1,0,0,0,0,1,0,0,1,0,0,1,0,0,0,0,1,0,0,0,0,0,0,0,0
0.0,24,7721,4.0,1.0,1,0,2,30,1,2.0,1,1,0,0,1,1,0,1,0,0,0,1,0,0,1,0,0,1,0,0,0,0,0,0,0,0,1,0,0,0,0
1.0,14,1410,2.0,4.0,1,0,2,35,1,2.0,1,1,1,0,0,1,0,0,1,0,0,1,0,0,1,0,0,1,0,0,0,1,0,0,0,0,0,0,0,0,0
1.0,6,1449,1.0,4.0,1,0,2,31,2,2.0,2,0,1,0,0,1,1,0,0,0,1,0,0,0,1,0,0,0,0,1,0,1,0,0,0,0,0,0,0,0,0
2.0,15,392,0.0,1.0,4,0,4,23,1,2.0,1,1,1,0,1,1,0,1,0,0,0,1,0,0,0,1,0,1,0,0,0,0,0,0,0,1,0,0,0,0,0
1.0,18,6260,0.0,3.0,3,0,3,28,1,1.0,1,0,1,0,0,0,0,0,1,0,0,1,0,0,0,1,0,1,0,0,0,0,1,0,0,0,0,0,0,0,0
3.0,36,7855,0.0,2.0,4,0,2,25,2,2.0,1,1,1,1,1,1,0,0,1,0,0,0,1,0,1,0,0,0,1,0,0,0,1,0,0,0,0,0,0,0,0
0.0,12,1680,2.0,4.0,3,0,1,35,1,2.0,1,0,1,0,0,1,0,0,1,0,0,1,0,0,1,0,0,1,0,0,0,0,0,0,0,0,0,0,1,0,0
3.0,48,3578,4.0,4.0,4,0,1,47,1,2.0,1,1,1,0,0,0,0,0,1,0,0,1,0,0,1,0,0,0,1,0,0,0,0,0,0,0,0,0,1,0,0
0.0,42,7174,4.0,3.0,4,0,3,30,1,3.0,1,1,1,1,1,1,1,0,0,0,0,1,0,0,1,0,0,1,0,0,0,0,0,0,0,0,0,0,1,0,0
0.0,10,2132,4.0,1.0,2,1,3,27,2,2.0,1,0,0,0,1,1,0,0,1,0,0,1,0,0,0,1,0,0,1,0,0,0,0,0,0,0,1,0,0,0,0
0.0,33,4281,2.0,2.0,1,0,4,23,2,2.0,1,0,1,1,1,1,1,0,0,0,0,1,0,0,1,0,0,0,1,0,0,0,0,0,0,0,1,0,0,0,0
1.0,12,2366,2.0,3.0,3,0,3,36,1,3.0,1,1,1,0,0,1,1,0,0,0,0,1,0,0,1,0,0,0,1,0,0,0,1,0,0,0,0,0,0,0,0
0.0,21,1835,0.0,2.0,3,0,2,25,2,2.0,1,1,1,1,1,1,0,0,1,0,0,1,0,0,1,0,0,1,0,0,0,0,0,0,0,0,0,0,1,0,0
3.0,24,3868,0.0,4.0,4,0,2,41,2,3.0,1,1,1,0,1,1,1,0,0,0,0,1,0,0,0,1,0,0,1,0,0,0,0,1,0,0,0,0,0,0,0
3.0,12,1768,0.0,2.0,3,0,2,24,1,1.0,1,0,1,0,0,0,0,0,1,0,0,1,0,0,0,1,0,1,0,0,0,0,0,0,0,0,1,0,0,0,0
2.0,10,781,0.0,4.0,4,0,4,63,2,2.0,1,1,1,0,0,0,0,0,0,1,0,1,0,1,0,0,0,0,1,0,0,0,1,0,0,0,0,0,0,0,0
1.0,18,1924,4.0,1.0,4,0,3,27,1,2.0,1,0,1,1,1,1,0,0,1,0,0,1,0,0,0,1,0,1,0,0,0,0,0,0,0,0,1,0,0,0,0
0.0,12,2121,0.0,2.0,4,0,2,30,2,2.0,1,0,1,0,0,0,0,1,0,0,0,1,0,0,1,0,0,0,1,0,0,0,1,0,0,0,0,0,0,0,0
0.0,12,701,0.0,2.0,4,0,2,40,1,1.0,1,0,1,0,0,1,0,0,1,0,0,1,0,0,1,0,0,1,0,0,0,0,0,0,0,0,0,0,1,0,0
1.0,12,639,0.0,2.0,4,0,2,30,1,2.0,1,0,1,1,0,0,1,0,0,0,0,1,0,0,1,0,0,1,0,0,0,0,0,0,0,0,0,0,0,1,0
1.0,12,1860,0.0,0.0,4,0,2,34,2,3.0,1,1,1,0,0,0,1,0,0,0,0,1,0,0,1,0,0,0,1,0,0,0,0,1,0,0,0,0,0,0,0
0.0,12,3499,0.0,2.0,3,1,2,29,2,2.0,1,0,1,1,1,1,0,0,1,0,0,1,0,0,1,0,0,0,1,0,0,0,1,0,0,0,0,0,0,0,0
1.0,48,8487,4.0,3.0,1,0,2,24,1,2.0,1,0,1,0,1,1,1,0,0,0,0,1,0,0,1,0,0,1,0,0,0,0,1,0,0,0,0,0,0,0,0
0.0,36,6887,0.0,2.0,4,0,3,29,1,2.0,1,1,1,1,0,0,0,1,0,0,0,0,1,0,1,0,0,0,0,1,0,0,0,0,0,1,0,0,0,0,0
3.0,15,2708,0.0,1.0,2,0,3,27,2,1.0,1,0,1,0,0,0,0,1,0,0,1,0,0,0,1,0,0,1,0,0,0,0,0,0,0,0,1,0,0,0,0
3.0,18,1984,0.0,2.0,4,0,4,47,2,2.0,1,0,1,0,0,0,0,0,0,1,1,0,0,1,0,0,0,1,0,0,0,0,0,0,0,0,1,0,0,0,0
3.0,60,10144,1.0,3.0,2,0,4,21,1,2.0,1,1,1,0,1,1,0,0,1,0,0,1,0,0,1,0,0,1,0,0,0,0,0,0,0,0,0,0,1,0,0
3.0,12,1240,4.0,4.0,4,0,2,38,2,2.0,1,1,1,0,1,1,0,0,1,0,0,1,0,0,1,0,0,0,1,0,0,0,0,0,0,0,0,0,1,0,0
3.0,27,8613,3.0,2.0,2,0,2,27,2,2.0,1,0,1,0,0,0,1,0,0,0,0,1,0,0,1,0,0,0,0,1,0,0,0,1,0,0,0,0,0,0,0
1.0,12,766,2.0,2.0,4,0,3,66,1,1.0,1,0,1,1,0,0,0,0,1,0,0,1,0,0,1,0,0,1,0,0,0,0,0,0,0,0,0,0,1,0,0
1.0,15,2728,4.0,3.0,4,1,2,35,3,2.0,1,1,1,0,0,0,0,0,1,0,1,0,0,0,1,0,0,0,1,0,0,0,0,0,0,0,0,0,1,0,0
2.0,12,1881,0.0,2.0,2,0,2,44,1,1.0,1,1,1,0,1,1,1,0,0,0,0,1,0,0,0,1,0,1,0,0,0,0,0,0,0,0,0,0,1,0,0
2.0,6,709,3.0,1.0,2,0,2,27,1,0.0,1,0,0,0,0,1,0,0,1,0,0,1,0,0,1,0,0,1,0,0,0,0,1,0,0,0,0,0,0,0,0
1.0,36,4795,0.0,1.0,4,0,1,30,1,3.0,1,1,1,0,1,1,0,0,0,1,0,1,0,0,1,0,0,1,0,0,0,0,0,0,0,0,0,0,1,0,0
0.0,27,3416,0.0,2.0,3,0,2,27,1,3.0,1,0,1,0,0,0,1,0,0,0,0,1,0,0,1,0,0,1,0,0,0,0,0,0,0,0,0,0,1,0,0
0.0,18,2462,0.0,2.0,2,0,2,22,1,2.0,1,0,1,1,0,0,1,0,0,0,0,1,0,0,1,0,0,1,0,0,0,0,0,0,0,0,1,0,0,0,0
3.0,21,2288,0.0,1.0,4,0,4,23,1,2.0,1,1,1,0,1,1,0,1,0,0,0,1,0,0,1,0,0,0,1,0,0,0,0,0,0,0,1,0,0,0,0
1.0,48,3566,1.0,3.0,4,0,2,30,1,2.0,1,0,1,0,0,0,1,0,0,0,0,1,0,0,1,0,1,0,0,0,0,1,0,0,0,0,0,0,0,0,0
0.0,6,860,0.0,4.0,1,0,4,39,2,2.0,1,1,1,0,1,1,0,0,0,1,0,1,0,0,1,0,0,0,1,0,0,0,1,0,0,0,0,0,0,0,0
3.0,12,682,1.0,3.0,4,0,3,51,2,2.0,1,1,1,0,1,1,1,0,0,0,0,1,0,0,1,0,0,0,1,0,0,0,1,0,0,0,0,0,0,0,0
0.0,36,5371,0.0,2.0,3,1,2,28,2,2.0,1,0,1,0,0,0,0,1,0,0,0,1,0,0,1,0,0,0,1,0,0,0,0,0,0,0,1,0,0,0,0
3.0,18,1582,3.0,4.0,4,0,4,46,2,2.0,1,0,1,0,0,0,1,0,0,0,0,1,0,0,1,0,0,0,1,0,0,0,0,0,0,0,0,0,1,0,0
3.0,6,1346,1.0,4.0,2,0,4,42,1,2.0,2,1,1,0,0,0,0,0,0,1,1,0,0,1,0,0,0,1,0,0,0,0,0,0,0,0,0,0,1,0,0
3.0,10,1924,0.0,2.0,1,0,4,38,1,2.0,1,1,0,0,0,0,0,1,0,0,0,1,0,0,1,0,0,1,0,0,0,0,0,0,0,0,0,0,1,0,0
2.0,36,5848,0.0,2.0,4,0,1,24,1,2.0,1,0,1,0,0,0,1,0,0,0,0,1,0,0,1,0,0,1,0,0,0,0,0,0,0,0,0,0,1,0,0
1.0,24,7758,3.0,4.0,2,0,4,29,1,2.0,1,0,1,0,1,1,0,0,0,1,0,1,0,0,0,1,0,0,1,0,0,0,0,1,0,0,0,0,0,0,0
1.0,24,6967,1.0,3.0,4,0,4,36,1,3.0,1,1,1,0,0,0,1,0,0,0,0,1,0,0,0,1,0,0,0,1,0,1,0,0,0,0,0,0,0,0,0
0.0,12,1282,0.0,2.0,2,0,4,20,1,2.0,1,0,1,1,1,1,1,0,0,0,0,1,0,0,0,1,0,1,0,0,0,0,0,0,0,0,1,0,0,0,0
0.0,9,1288,1.0,4.0,3,1,4,48,2,2.0,2,0,0,0,0,0,0,0,1,0,0,1,0,0,1,0,0,0,1,0,0,0,0,0,0,0,0,0,0,1,0
0.0,12,339,0.0,4.0,4,0,1,45,1,1.0,1,0,1,0,0,1,1,0,0,0,1,0,0,0,1,0,1,0,0,0,0,0,0,0,0,0,0,0,0,0,1
1.0,24,3512,1.0,3.0,2,0,3,38,2,2.0,1,1,1,0,0,0,1,0,0,0,1,0,0,0,1,0,0,1,0,0,0,0,1,0,0,0,0,0,0,0,0
3.0,6,1898,4.0,2.0,1,0,2,34,2,1.0,2,0,1,0,0,0,0,0,1,0,0,1,0,0,1,0,0,0,1,0,0,0,0,0,0,0,0,0,1,0,0
3.0,24,2872,1.0,4.0,3,0,4,36,1,2.0,2,1,1,0,0,0,0,0,1,0,0,1,0,0,1,0,0,0,1,0,0,0,0,0,0,0,0,0,1,0,0
3.0,18,1055,0.0,1.0,4,0,1,30,2,2.0,1,0,1,0,1,1,0,1,0,0,0,1,0,0,1,0,0,0,1,0,0,0,1,0,0,0,0,0,0,0,0
3.0,15,1262,2.0,3.0,4,0,3,36,2,2.0,1,1,1,0,0,0,0,1,0,0,0,1,0,0,1,0,0,1,0,0,0,0,0,0,1,0,0,0,0,0,0
1.0,10,7308,0.0,0.0,2,0,4,70,1,3.0,1,1,1,0,0,0,0,0,0,1,1,0,0,1,0,0,0,1,0,0,0,0,1,0,0,0,0,0,0,0,0
3.0,36,909,2.0,4.0,4,0,4,36,1,2.0,1,0,1,0,0,0,0,1,0,0,0,1,0,0,1,0,0,1,0,0,0,0,1,0,0,0,0,0,0,0,0
3.0,6,2978,2.0,2.0,1,0,2,32,1,2.0,1,1,1,0,0,0,1,0,0,0,0,1,0,0,1,0,0,1,0,0,0,0,0,0,0,0,1,0,0,0,0
0.0,18,1131,0.0,0.0,4,0,2,33,1,2.0,1,0,1,1,1,1,1,0,0,0,0,1,0,0,1,0,0,1,0,0,0,0,0,0,0,0,1,0,0,0,0
1.0,11,1577,3.0,1.0,4,0,1,20,1,2.0,1,0,1,0,1,1,0,0,1,0,0,1,0,0,1,0,0,1,0,0,0,0,0,0,0,0,1,0,0,0,0
3.0,24,3972,0.0,3.0,2,0,4,25,1,2.0,1,1,1,0,1,1,0,1,0,0,0,1,0,0,0,1,0,1,0,0,0,0,0,0,0,0,1,0,0,0,0
1.0,24,1935,0.0,4.0,4,0,4,31,2,2.0,1,1,1,1,0,1,0,0,1,0,0,1,0,0,1,0,0,0,1,0,0,1,0,0,0,0,0,0,0,0,0
0.0,15,950,0.0,4.0,4,0,3,33,2,2.0,2,0,1,1,0,0,1,0,0,0,0,1,0,0,0,1,0,0,0,0,1,0,1,0,0,0,0,0,0,0,0
3.0,12,763,0.0,2.0,4,0,1,26,1,2.0,1,1,1,0,1,1,0,0,1,0,0,1,0,0,1,0,0,1,0,0,0,0,0,0,0,0,1,0,0,0,0
1.0,24,2064,0.0,0.0,3,0,2,34,1,3.0,1,1,1,1,1,1,0,1,0,0,0,1,0,0,1,0,0,0,0,1,0,0,0,0,0,0,1,0,0,0,0
1.0,8,1414,0.0,2.0,4,1,2,33,1,2.0,1,0,0,0,0,0,0,0,1,0,0,1,0,0,1,0,0,1,0,0,0,0,0,0,0,0,0,0,1,0,0
0.0,21,3414,0.0,1.0,2,0,1,26,2,2.0,1,0,1,1,0,0,0,1,0,0,0,1,0,0,1,0,0,0,0,1,0,0,0,0,0,1,0,0,0,0,0
3.0,30,7485,4.0,0.0,4,0,1,53,1,3.0,1,1,1,1,1,1,0,0,1,0,1,0,0,0,1,0,1,0,0,0,0,0,0,1,0,0,0,0,0,0,0
0.0,12,2577,0.0,2.0,2,0,1,42,1,2.0,1,0,1,0,0,1,1,0,0,0,0,1,0,0,1,0,0,1,0,0,0,0,0,0,0,0,1,0,0,0,0
0.0,6,338,2.0,4.0,4,0,4,52,2,2.0,1,0,1,0,0,0,1,0,0,0,0,1,0,0,1,0,0,0,1,0,0,0,0,0,0,0,0,0,1,0,0
3.0,12,1963,0.0,3.0,4,0,2,31,2,3.0,2,1,1,0,0,0,1,0,0,0,0,1,0,0,0,1,0,1,0,0,0,0,0,0,0,0,0,0,1,0,0
0.0,21,571,0.0,4.0,4,0,4,65,2,2.0,1,0,1,0,0,0,0,0,1,0,0,1,0,0,1,0,0,0,1,0,0,0,1,0,0,0,0,0,0,0,0
3.0,36,9572,0.0,1.0,1,0,1,28,2,2.0,1,0,1,1,0,1,1,0,0,0,0,1,0,0,1,0,0,0,0,1,0,1,0,0,0,0,0,0,0,0,0
1.0,36,4455,0.0,2.0,2,0,2,30,2,3.0,1,1,1,1,0,1,0,0,1,0,0,0,1,0,1,0,0,0,0,1,0,1,0,0,0,0,0,0,0,0,0
0.0,21,1647,4.0,2.0,4,0,2,40,2,1.0,2,0,1,1,0,0,0,1,0,0,0,1,0,0,1,0,1,0,0,0,0,0,1,0,0,0,0,0,0,0,0
3.0,24,3777,3.0,2.0,4,0,4,50,1,2.0,1,1,1,0,0,0,0,0,1,0,0,1,0,0,1,0,0,0,1,0,0,0,0,0,0,0,1,0,0,0,0
1.0,18,884,0.0,4.0,4,0,4,36,1,2.0,2,1,1,1,0,0,1,0,0,0,1,0,0,0,1,0,0,0,1,0,0,0,1,0,0,0,0,0,0,0,0
3.0,15,1360,0.0,2.0,4,0,2,31,2,2.0,1,0,1,0,0,0,0,1,0,0,0,1,0,0,1,0,0,0,1,0,0,0,0,0,0,0,0,0,1,0,0
1.0,9,5129,0.0,4.0,2,0,4,74,1,3.0,2,1,1,1,1,1,0,0,0,1,1,0,0,1,0,0,1,0,0,0,0,0,0,1,0,0,0,0,0,0,0
1.0,16,1175,0.0,0.0,2,0,3,68,3,0.0,1,1,1,0,0,0,1,0,0,0,0,1,0,1,0,0,0,0,1,0,0,0,1,0,0,0,0,0,0,0,0
0.0,12,674,1.0,3.0,4,0,1,20,1,2.0,1,0,1,1,0,1,0,1,0,0,0,1,0,0,1,0,0,1,0,0,0,0,0,0,0,0,0,0,1,0,0
1.0,18,3244,0.0,2.0,1,0,4,33,2,2.0,1,1,1,0,1,1,1,0,0,0,1,0,0,0,1,0,0,0,0,0,1,0,0,0,0,0,1,0,0,0,0
3.0,24,4591,3.0,2.0,2,0,3,54,3,3.0,1,1,1,1,0,0,0,1,0,0,0,1,0,0,1,0,0,1,0,0,0,1,0,0,0,0,0,0,0,0,0
1.0,48,3844,1.0,3.0,4,0,4,34,1,1.0,2,0,1,1,0,0,0,0,0,1,0,1,0,1,0,0,0,0,0,0,1,1,0,0,0,0,0,0,0,0,0
1.0,27,3915,0.0,2.0,4,0,2,36,1,2.0,2,1,1,1,0,0,1,0,0,0,0,1,0,0,1,0,0,1,0,0,0,1,0,0,0,0,0,0,0,0,0
3.0,6,2108,0.0,3.0,2,0,2,29,1,2.0,1,0,1,0,0,1,0,0,1,0,0,1,0,0,0,1,0,1,0,0,0,0,0,0,0,0,0,0,1,0,0
1.0,45,3031,1.0,2.0,4,1,4,21,1,2.0,1,0,1,1,0,0,0,1,0,0,0,1,0,0,0,1,0,1,0,0,0,0,0,0,0,0,0,0,1,0,0
1.0,9,1501,0.0,4.0,2,0,3,34,2,3.0,1,1,1,1,1,1,1,0,0,0,0,1,0,0,1,0,0,0,1,0,0,0,0,0,0,1,0,0,0,0,0
3.0,6,1382,0.0,2.0,1,0,1,28,2,2.0,1,1,1,0,1,1,1,0,0,0,0,1,0,0,1,0,0,0,1,0,0,0,0,0,0,0,0,0,1,0,0
1.0,12,951,1.0,1.0,4,0,4,27,4,2.0,1,0,1,1,1,1,1,0,0,0,1,0,0,0,0,1,0,1,0,0,0,0,0,0,0,0,1,0,0,0,0
1.0,24,2760,4.0,4.0,4,0,4,36,1,2.0,1,1,1,0,0,0,0,0,0,1,1,0,0,1,0,0,0,1,0,0,0,0,0,1,0,0,0,0,0,0,0
1.0,18,4297,0.0,4.0,4,0,3,40,1,3.0,1,1,1,1,0,1,0,0,0,1,0,1,0,0,1,0,0,0,0,1,0,0,0,0,0,0,1,0,0,0,0
3.0,9,936,2.0,4.0,4,0,2,52,2,2.0,1,1,1,0,0,0,1,0,0,0,0,1,0,0,1,0,0,0,1,0,0,0,0,0,0,1,0,0,0,0,0
0.0,12,1168,0.0,2.0,4,0,3,27,1,1.0,1,0,1,0,0,1,0,0,1,0,0,1,0,0,1,0,0,1,0,0,0,0,1,0,0,0,0,0,0,0,0
3.0,27,5117,0.0,3.0,3,0,4,26,2,2.0,1,0,1,0,0,0,1,0,0,0,0,1,0,0,1,0,0,0,0,1,0,1,0,0,0,0,0,0,0,0,0
0.0,12,902,0.0,3.0,4,0,4,21,1,2.0,1,0,1,1,0,1,0,1,0,0,0,1,0,0,0,1,0,1,0,0,0,0,0,0,0,0,0,0,0,0,1
3.0,12,1495,0.0,4.0,4,0,1,38,2,1.0,2,0,1,0,0,0,0,0,1,0,0,1,0,0,1,0,0,0,1,0,0,0,1,0,0,0,0,0,0,0,0
0.0,30,10623,0.0,4.0,3,0,4,38,3,3.0,2,1,1,0,0,0,0,0,0,1,0,1,0,1,0,0,0,0,1,0,0,0,0,1,0,0,0,0,0,0,0
3.0,12,1935,0.0,4.0,4,0,4,43,3,2.0,1,1,1,0,0,0,0,0,1,0,0,1,0,0,1,0,0,0,1,0,0,0,0,0,0,0,1,0,0,0,0
1.0,12,1424,0.0,3.0,4,0,3,26,1,2.0,1,0,1,0,0,0,0,1,0,0,0,1,0,0,1,0,0,0,1,0,0,0,0,0,1,0,0,0,0,0,0
0.0,24,6568,0.0,2.0,2,0,2,21,1,1.0,1,0,1,0,0,1,1,0,0,0,0,0,1,0,1,0,0,1,0,0,0,1,0,0,0,0,0,0,0,0,0
3.0,12,1413,3.0,3.0,3,0,2,55,1,2.0,1,0,0,0,0,0,0,1,0,0,0,1,0,0,1,0,0,1,0,0,0,0,0,1,0,0,0,0,0,0,0
3.0,9,3074,4.0,2.0,1,0,2,33,2,2.0,2,0,1,0,0,0,0,0,1,0,0,1,0,0,1,0,0,0,1,0,0,0,0,0,0,0,0,0,1,0,0
3.0,36,3835,4.0,4.0,2,0,4,45,1,1.0,1,1,1,0,1,1,0,0,1,0,0,1,0,0,1,0,0,1,0,0,0,0,0,0,0,0,0,0,1,0,0
0.0,27,5293,0.0,0.0,2,0,4,50,2,2.0,1,1,1,1,0,0,0,1,0,0,0,0,1,0,1,0,0,0,0,0,1,1,0,0,0,0,0,0,0,0,0
2.0,30,1908,0.0,4.0,4,0,4,66,1,3.0,1,1,1,1,0,0,0,0,1,0,0,1,0,0,1,0,0,0,0,1,0,1,0,0,0,0,0,0,0,0,0
3.0,36,3342,4.0,4.0,4,0,2,51,1,2.0,1,1,1,0,0,0,1,0,0,0,0,1,0,0,1,0,0,0,1,0,0,0,0,0,0,0,0,0,1,0,0
1.0,6,932,4.0,3.0,1,0,3,39,2,1.0,1,0,1,0,1,1,0,1,0,0,0,1,0,0,1,0,0,0,1,0,0,0,0,0,0,0,0,0,0,0,1
0.0,18,3104,0.0,3.0,3,0,1,31,1,2.0,1,1,1,0,0,0,0,1,0,0,1,0,0,0,1,0,0,0,0,0,1,1,0,0,0,0,0,0,0,0,0
2.0,36,3913,0.0,2.0,2,0,2,23,1,2.0,1,1,1,0,0,0,0,0,1,0,0,1,0,0,1,0,0,1,0,0,0,0,0,0,0,0,0,0,1,0,0
0.0,24,3021,0.0,2.0,2,0,2,24,1,1.0,1,0,1,0,0,1,0,0,1,0,0,1,0,0,0,1,0,1,0,0,0,0,0,0,0,0,1,0,0,0,0
3.0,10,1364,0.0,2.0,2,0,4,64,1,2.0,1,1,1,0,1,1,1,0,0,0,0,1,0,0,1,0,0,1,0,0,0,0,1,0,0,0,0,0,0,0,0
1.0,12,625,0.0,1.0,4,1,1,26,1,1.0,1,0,1,0,0,1,0,0,1,0,1,0,0,0,1,0,0,1,0,0,0,0,0,0,0,0,0,0,1,0,0
0.0,12,1200,4.0,2.0,4,0,4,23,1,2.0,1,1,1,0,1,1,0,1,0,0,1,0,0,0,0,1,0,1,0,0,0,0,0,0,0,1,0,0,0,0,0
3.0,12,707,0.0,2.0,4,0,2,30,2,2.0,1,0,1,0,0,0,0,0,1,0,1,0,0,0,1,0,0,1,0,0,0,0,0,0,0,0,0,0,1,0,0
3.0,24,2978,4.0,2.0,4,0,4,32,2,2.0,2,1,1,0,0,0,0,0,1,0,0,1,0,0,1,0,0,0,0,1,0,1,0,0,0,0,0,0,0,0,0
3.0,15,4657,0.0,2.0,3,0,2,30,1,2.0,1,1,1,0,0,0,1,0,0,0,0,1,0,0,1,0,0,1,0,0,0,0,0,1,0,0,0,0,0,0,0
3.0,36,2613,0.0,2.0,4,0,2,27,2,2.0,1,0,1,0,0,0,1,0,0,0,0,1,0,0,1,0,0,0,0,0,1,0,0,0,0,0,0,0,0,1,0
1.0,48,10961,3.0,3.0,1,1,2,27,2,2.0,1,1,1,1,0,0,0,0,0,1,1,0,0,0,1,0,0,1,0,0,0,0,0,0,0,0,0,0,1,0,0
0.0,12,7865,0.0,4.0,4,0,4,53,1,3.0,1,1,1,1,0,0,0,0,0,1,0,1,0,1,0,0,0,1,0,0,0,0,0,0,0,0,1,0,0,0,0
3.0,9,1478,0.0,3.0,4,0,2,22,1,2.0,1,0,1,1,0,0,1,0,0,0,0,1,0,0,1,0,0,1,0,0,0,0,0,0,0,0,0,0,1,0,0
0.0,24,3149,0.0,1.0,4,0,1,22,1,2.0,1,0,1,0,0,0,0,0,0,1,1,0,0,1,0,0,0,1,0,0,0,0,0,0,0,0,1,0,0,0,0
2.0,36,4210,0.0,2.0,4,0,2,26,1,2.0,1,0,1,1,0,0,1,0,0,0,0,1,0,0,1,0,0,1,0,0,0,0,0,0,0,0,0,0,1,0,0
3.0,9,2507,2.0,4.0,2,0,4,51,1,1.0,1,0,1,0,0,0,0,0,0,1,0,1,0,1,0,0,0,1,0,0,0,0,1,0,0,0,0,0,0,0,0
3.0,12,2141,1.0,3.0,3,0,1,35,1,2.0,1,0,1,0,0,0,0,0,0,1,0,1,0,0,1,0,0,1,0,0,0,0,0,0,0,0,0,0,1,0,0
1.0,18,866,0.0,2.0,4,1,2,25,1,1.0,1,0,1,0,0,1,0,0,1,0,0,1,0,0,1,0,0,1,0,0,0,0,0,0,0,0,0,0,1,0,0
3.0,4,1544,0.0,3.0,2,0,1,42,3,1.0,2,0,1,0,0,0,0,0,1,0,0,1,0,0,1,0,0,0,1,0,0,0,0,0,0,0,0,0,1,0,0
0.0,24,1823,0.0,0.0,4,0,2,30,1,3.0,2,0,1,1,0,0,1,0,0,0,0,0,1,0,1,0,0,1,0,0,0,0,0,0,0,0,0,0,1,0,0
1.0,6,14555,4.0,0.0,1,0,2,23,1,0.0,1,1,1,1,0,0,0,1,0,0,0,1,0,0,1,0,0,1,0,0,0,0,1,0,0,0,0,0,0,0,0
1.0,21,2767,1.0,4.0,4,0,2,61,2,1.0,1,0,1,1,0,1,1,0,0,0,1,0,0,0,0,1,0,1,0,0,0,1,0,0,0,0,0,0,0,0,0
3.0,12,1291,0.0,2.0,4,0,2,35,2,2.0,1,0,1,0,1,1,0,1,0,0,0,1,0,0,1,0,0,0,1,0,0,0,0,0,0,0,0,0,1,0,0
0.0,30,2522,0.0,4.0,1,1,3,39,1,2.0,2,0,1,0,0,0,0,1,0,0,0,1,0,0,1,0,0,1,0,0,0,0,0,0,0,0,0,0,1,0,0
0.0,24,915,4.0,4.0,4,0,2,29,1,2.0,1,0,1,1,1,1,1,0,0,0,1,0,0,0,1,0,0,1,0,0,0,0,1,0,0,0,0,0,0,0,0
3.0,6,1595,0.0,3.0,3,0,2,51,1,2.0,2,0,1,0,0,0,0,1,0,0,0,1,0,0,1,0,0,1,0,0,0,0,0,0,0,0,0,0,1,0,0
0.0,48,4605,0.0,4.0,3,0,4,24,2,2.0,2,0,1,1,0,0,0,0,0,1,0,1,0,1,0,0,0,0,0,0,1,0,0,1,0,0,0,0,0,0,0
3.0,12,1185,0.0,2.0,3,0,2,27,2,2.0,1,0,1,0,1,1,0,0,1,0,0,1,0,0,1,0,0,0,1,0,0,1,0,0,0,0,0,0,0,0,0
3.0,12,3447,2.0,2.0,4,0,3,35,1,1.0,2,0,1,0,1,1,0,0,1,0,0,1,0,0,1,0,1,0,0,0,0,0,0,0,0,0,0,0,0,0,1
3.0,24,1258,0.0,3.0,4,0,1,25,1,2.0,1,1,1,0,0,0,0,0,1,0,0,1,0,0,1,0,0,1,0,0,0,1,0,0,0,0,0,0,0,0,0
3.0,12,717,0.0,4.0,4,0,4,52,3,2.0,1,0,1,0,0,0,0,0,1,0,0,1,0,0,1,0,0,0,1,0,0,0,0,0,0,0,0,0,1,0,0
3.0,6,1204,1.0,2.0,4,0,1,35,1,2.0,1,0,0,0,0,0,0,0,0,1,1,0,0,0,0,1,0,0,0,0,1,0,1,0,0,0,0,0,0,0,0
2.0,24,1925,0.0,2.0,2,0,2,26,1,2.0,1,0,1,0,0,0,0,0,1,0,0,1,0,0,1,0,0,1,0,0,0,0,0,0,0,0,1,0,0,0,0
3.0,18,433,0.0,0.0,3,1,4,22,1,2.0,1,0,1,1,1,1,0,0,1,0,0,1,0,0,0,1,0,1,0,0,0,0,0,0,0,0,0,0,1,0,0
0.0,6,666,3.0,3.0,3,0,4,39,2,1.0,1,1,1,0,1,1,0,0,1,0,0,1,0,0,1,0,0,0,1,0,0,0,1,0,0,0,0,0,0,0,0
2.0,12,2251,0.0,2.0,1,0,2,46,1,1.0,1,0,1,0,1,1,1,0,0,0,0,1,0,0,1,0,0,1,0,0,0,0,0,0,0,0,1,0,0,0,0
1.0,30,2150,0.0,2.0,4,1,2,24,1,2.0,1,0,1,1,1,1,0,0,0,1,1,0,0,0,1,0,0,1,0,0,0,0,1,0,0,0,0,0,0,0,0
3.0,24,4151,1.0,2.0,2,0,3,35,2,2.0,1,0,1,0,0,0,0,1,0,0,0,1,0,0,1,0,0,0,0,1,0,0,0,0,0,0,1,0,0,0,0
1.0,9,2030,4.0,3.0,2,0,1,24,1,2.0,1,1,1,0,0,0,1,0,0,0,0,1,0,0,1,0,0,1,0,0,0,0,0,0,0,0,1,0,0,0,0
1.0,60,7418,4.0,2.0,1,0,1,27,1,1.0,1,0,1,0,0,0,0,0,1,0,0,1,0,0,1,0,0,0,0,1,0,0,0,0,0,0,0,0,1,0,0
3.0,24,2684,0.0,2.0,4,0,2,35,2,1.0,1,0,1,0,0,0,0,0,1,0,0,1,0,0,1,0,0,0,1,0,0,0,0,0,0,0,0,0,1,0,0
0.0,12,2149,0.0,2.0,4,0,1,29,1,2.0,1,0,1,1,0,1,0,0,0,1,0,1,0,1,0,0,1,0,0,0,0,0,0,0,0,0,0,0,1,0,0
3.0,15,3812,1.0,1.0,1,0,4,23,1,2.0,1,1,1,0,1,1,1,0,0,0,0,1,0,0,1,0,0,1,0,0,0,0,0,1,0,0,0,0,0,0,0
3.0,11,1154,1.0,0.0,4,0,4,57,3,1.0,1,0,1,0,1,1,0,0,1,0,0,1,0,0,1,0,0,0,1,0,0,0,0,0,0,0,0,0,1,0,0
0.0,12,1657,0.0,2.0,2,0,2,27,1,2.0,1,0,1,0,0,0,0,0,1,0,0,1,0,0,1,0,0,1,0,0,0,0,0,0,0,0,1,0,0,0,0
0.0,24,1603,0.0,4.0,4,0,4,55,1,2.0,1,0,1,0,1,1,1,0,0,0,0,1,0,0,1,0,0,1,0,0,0,0,0,0,0,0,0,0,1,0,0
0.0,18,5302,0.0,4.0,2,0,4,36,3,3.0,1,1,1,0,0,0,0,0,0,1,0,1,0,1,0,0,0,0,1,0,0,0,1,0,0,0,0,0,0,0,0
3.0,12,2748,0.0,4.0,2,0,4,57,3,1.0,1,0,1,0,1,1,0,0,0,1,1,0,0,1,0,0,0,0,1,0,0,0,0,0,0,1,0,0,0,0,0
3.0,10,1231,0.0,4.0,3,0,4,32,2,1.0,2,0,0,0,0,0,0,0,1,0,0,1,0,0,1,0,0,0,1,0,0,0,1,0,0,0,0,0,0,0,0
1.0,15,802,0.0,4.0,4,0,3,37,1,2.0,2,0,1,1,0,0,1,0,0,0,0,1,0,0,1,0,0,1,0,0,0,0,0,0,0,0,0,0,1,0,0
3.0,36,6304,4.0,4.0,4,0,4,36,2,2.0,1,0,1,0,0,0,0,0,1,0,0,1,0,0,1,0,0,0,1,0,0,1,0,0,0,0,0,0,0,0,0
3.0,24,1533,0.0,1.0,4,0,3,38,1,2.0,1,1,1,0,1,1,1,0,0,0,0,0,1,0,1,0,0,1,0,0,0,0,0,0,0,0,0,0,1,0,0
0.0,14,8978,0.0,4.0,1,0,4,45,1,3.0,1,1,0,1,0,1,0,1,0,0,0,1,0,0,1,0,0,1,0,0,0,0,1,0,0,0,0,0,0,0,0
3.0,24,999,4.0,4.0,4,0,2,25,2,2.0,1,0,1,0,0,0,1,0,0,0,0,1,0,0,1,0,0,1,0,0,0,0,0,0,0,0,0,0,1,0,0
3.0,18,2662,4.0,3.0,4,0,3,32,1,2.0,1,0,0,0,0,0,0,1,0,0,0,1,0,0,1,0,0,1,0,0,0,0,1,0,0,0,0,0,0,0,0
3.0,12,1402,2.0,3.0,3,0,4,37,1,2.0,1,1,1,0,1,1,1,0,0,0,0,1,0,0,0,1,0,0,1,0,0,0,0,0,0,0,1,0,0,0,0
1.0,48,12169,4.0,0.0,4,1,4,36,1,3.0,1,1,1,0,0,0,0,0,0,1,0,1,0,1,0,0,1,0,0,0,0,0,1,0,0,0,0,0,0,0,0
1.0,48,3060,0.0,3.0,4,0,4,28,2,2.0,1,0,1,1,0,0,0,0,1,0,0,1,0,0,1,0,0,1,0,0,0,0,0,0,0,0,0,0,1,0,0
0.0,30,11998,0.0,1.0,1,0,1,34,1,1.0,1,1,1,1,0,1,0,0,0,1,0,1,0,0,1,0,0,1,0,0,0,0,0,0,0,0,0,0,0,1,0
3.0,9,2697,0.0,2.0,1,0,2,32,1,2.0,2,0,1,0,0,0,0,0,1,0,0,1,0,0,1,0,0,1,0,0,0,0,0,0,0,0,0,0,1,0,0
3.0,18,2404,0.0,2.0,2,0,2,26,2,2.0,1,0,1,0,1,1,1,0,0,0,0,1,0,0,1,0,0,0,1,0,0,0,0,0,0,0,0,0,1,0,0
0.0,12,1262,4.0,4.0,2,0,4,49,1,1.0,1,1,1,0,0,1,0,1,0,0,0,1,0,0,1,0,0,1,0,0,0,0,0,0,0,0,1,0,0,0,0
3.0,6,4611,0.0,1.0,1,0,4,32,1,2.0,1,0,1,1,1,1,0,1,0,0,0,1,0,0,1,0,0,1,0,0,0,0,0,0,0,0,1,0,0,0,0
3.0,24,1901,1.0,2.0,4,0,4,29,1,3.0,1,1,1,0,0,0,1,0,0,0,0,1,0,0,0,1,0,1,0,0,0,0,0,0,0,0,0,0,1,0,0
3.0,15,3368,3.0,4.0,3,0,4,23,2,2.0,1,1,1,0,0,0,0,0,0,1,0,1,0,0,0,1,0,0,1,0,0,0,0,1,0,0,0,0,0,0,0
3.0,12,1574,0.0,2.0,4,0,2,50,1,2.0,1,0,1,0,0,0,0,0,1,0,0,1,0,0,1,0,0,1,0,0,0,0,0,0,0,0,1,0,0,0,0
2.0,18,1445,4.0,3.0,4,0,4,49,1,1.0,1,0,1,0,0,0,1,0,0,0,1,0,0,0,1,0,1,0,0,0,0,0,0,0,0,0,0,0,1,0,0
3.0,15,1520,4.0,4.0,4,0,4,63,1,2.0,1,0,1,0,0,0,0,1,0,0,0,1,0,0,1,0,0,0,1,0,0,0,0,0,0,0,1,0,0,0,0
1.0,24,3878,1.0,1.0,4,0,2,37,1,2.0,1,1,1,0,0,1,1,0,0,0,0,1,0,0,1,0,0,0,1,0,0,0,1,0,0,0,0,0,0,0,0
0.0,47,10722,0.0,1.0,1,0,1,35,1,1.0,1,1,1,0,1,1,0,0,1,0,0,1,0,0,1,0,0,1,0,0,0,0,1,0,0,0,0,0,0,0,0
0.0,48,4788,0.0,3.0,4,0,3,26,1,2.0,2,0,1,0,0,0,0,1,0,0,0,1,0,0,1,0,0,1,0,0,0,0,0,1,0,0,0,0,0,0,0
1.0,48,7582,1.0,0.0,2,0,4,31,1,3.0,1,1,1,0,0,0,0,0,0,1,0,1,0,1,0,0,0,0,0,1,0,0,0,0,0,0,0,1,0,0,0
1.0,12,1092,0.0,2.0,4,1,4,49,2,2.0,1,1,1,0,1,1,0,0,1,0,0,1,0,0,1,0,0,1,0,0,0,0,0,0,0,0,0,0,1,0,0
0.0,24,1024,0.0,1.0,4,0,4,48,1,2.0,1,0,1,1,0,1,0,0,1,0,0,0,1,0,1,0,0,0,0,1,0,0,0,0,0,0,0,0,1,0,0
3.0,12,1076,0.0,2.0,2,0,2,26,1,2.0,1,1,0,0,0,1,0,0,1,0,0,1,0,0,1,0,0,1,0,0,0,1,0,0,0,0,0,0,0,0,0
1.0,36,9398,0.0,1.0,1,0,4,28,1,3.0,1,1,1,1,0,1,1,0,0,0,0,1,0,0,0,1,0,1,0,0,0,0,0,1,0,0,0,0,0,0,0
0.0,24,6419,0.0,4.0,2,0,4,44,2,3.0,2,1,1,0,1,1,0,0,0,1,0,1,0,1,0,0,0,0,1,0,0,0,0,1,0,0,0,0,0,0,0
2.0,42,4796,0.0,4.0,4,0,4,56,1,2.0,1,0,1,0,0,0,0,0,0,1,0,1,0,1,0,0,0,0,1,0,0,0,0,1,0,0,0,0,0,0,0
3.0,48,7629,4.0,4.0,4,0,2,46,2,3.0,2,0,1,0,0,1,1,0,0,0,1,0,0,0,1,0,0,0,1,0,0,1,0,0,0,0,0,0,0,0,0
1.0,48,9960,0.0,1.0,1,0,2,26,1,2.0,1,1,1,1,1,1,1,0,0,0,0,1,0,0,1,0,0,1,0,0,0,0,0,0,0,0,1,0,0,0,0
3.0,12,4675,4.0,1.0,1,0,4,20,1,2.0,1,0,1,0,1,1,1,0,0,0,0,1,0,0,0,1,0,1,0,0,0,0,0,1,0,0,0,0,0,0,0
3.0,10,1287,4.0,4.0,4,1,2,45,1,1.0,1,0,0,0,0,0,0,1,0,0,0,1,0,0,1,0,0,1,0,0,0,0,1,0,0,0,0,0,0,0,0
3.0,18,2515,0.0,2.0,3,0,4,43,1,2.0,1,1,1,0,0,0,0,0,1,0,0,1,0,0,1,0,0,1,0,0,0,0,0,0,0,0,1,0,0,0,0
1.0,21,2745,3.0,3.0,3,0,2,32,2,2.0,1,1,1,0,0,0,1,0,0,0,0,1,0,0,1,0,0,0,1,0,0,0,0,0,0,0,1,0,0,0,0
3.0,6,672,0.0,0.0,1,0,4,54,1,0.0,1,1,1,0,1,1,0,0,1,0,0,1,0,0,1,0,0,1,0,0,0,0,1,0,0,0,0,0,0,0,0
1.0,36,3804,0.0,2.0,4,0,1,42,1,2.0,1,1,1,1,1,1,1,0,0,0,0,1,0,0,1,0,0,0,0,0,1,0,0,0,0,0,0,0,1,0,0
2.0,24,1344,4.0,3.0,4,0,2,37,2,1.0,2,0,1,1,0,0,0,0,1,0,1,0,0,0,1,0,0,0,1,0,0,0,1,0,0,0,0,0,0,0,0
0.0,10,1038,0.0,3.0,4,1,3,49,2,2.0,1,1,1,0,0,0,0,1,0,0,0,1,0,0,1,0,0,0,1,0,0,0,1,0,0,0,0,0,0,0,0
3.0,48,10127,2.0,2.0,2,0,2,44,1,2.0,1,0,1,1,0,0,0,0,0,1,1,0,0,1,0,0,0,0,1,0,0,0,1,0,0,0,0,0,0,0,0
3.0,6,1543,3.0,2.0,4,0,2,33,1,2.0,1,0,1,0,0,1,0,0,1,0,0,1,0,0,1,0,0,1,0,0,0,0,0,0,0,0,1,0,0,0,0
3.0,30,4811,4.0,3.0,2,0,4,24,1,1.0,1,0,1,0,1,1,0,1,0,0,0,0,1,0,0,1,0,1,0,0,0,0,0,1,0,0,0,0,0,0,0
0.0,12,727,1.0,1.0,4,0,3,33,1,1.0,1,1,1,1,0,1,0,0,0,1,0,1,0,0,1,0,0,1,0,0,0,0,0,0,0,0,0,0,1,0,0
1.0,8,1237,0.0,2.0,3,0,4,24,1,2.0,1,0,1,1,1,1,0,0,1,0,0,1,0,0,1,0,0,1,0,0,0,0,0,0,0,0,1,0,0,0,0
1.0,9,276,0.0,2.0,4,0,4,22,1,1.0,1,0,1,0,0,1,0,0,1,0,0,1,0,0,0,1,0,1,0,0,0,0,1,0,0,0,0,0,0,0,0
1.0,48,5381,4.0,0.0,3,0,4,40,1,0.0,1,1,1,0,0,0,0,0,0,1,1,0,0,1,0,0,0,1,0,0,0,0,0,0,0,0,0,1,0,0,0
3.0,24,5511,1.0,2.0,4,0,1,25,1,2.0,1,0,1,0,0,0,1,0,0,0,0,0,1,0,1,0,0,1,0,0,0,0,0,0,0,0,1,0,0,0,0
2.0,24,3749,0.0,1.0,2,0,4,26,1,2.0,1,0,1,0,1,1,1,0,0,0,0,1,0,0,1,0,0,1,0,0,0,0,0,0,0,0,1,0,0,0,0
1.0,12,685,0.0,3.0,2,0,3,25,1,1.0,1,0,1,1,0,1,1,0,0,0,1,0,0,0,1,0,0,1,0,0,0,0,1,0,0,0,0,0,0,0,0
2.0,4,1494,4.0,1.0,1,0,2,29,1,1.0,2,0,0,0,0,0,0,0,1,0,0,1,0,0,1,0,0,1,0,0,0,0,1,0,0,0,0,0,0,0,0
0.0,36,2746,0.0,4.0,4,0,4,31,1,2.0,1,0,1,1,0,0,1,0,0,0,1,0,0,0,1,0,1,0,0,0,0,0,0,0,0,0,1,0,0,0,0
0.0,12,708,0.0,2.0,2,1,3,38,1,1.0,2,0,1,0,0,0,0,1,0,0,0,1,0,0,1,0,0,1,0,0,0,0,0,0,0,0,1,0,0,0,0
1.0,24,4351,4.0,2.0,1,0,4,48,1,1.0,1,1,1,0,1,1,0,1,0,0,0,1,0,0,1,0,0,1,0,0,0,0,0,0,0,0,1,0,0,0,0
3.0,12,701,0.0,2.0,4,0,2,32,2,2.0,1,0,1,0,0,0,1,0,0,0,0,1,0,0,1,0,0,0,1,0,0,0,0,0,0,1,0,0,0,0,0
0.0,15,3643,0.0,4.0,1,0,4,27,2,1.0,1,0,1,0,1,1,0,1,0,0,0,1,0,0,1,0,0,0,0,1,0,0,0,0,0,0,1,0,0,0,0
1.0,30,4249,0.0,0.0,4,0,2,28,2,3.0,1,0,1,1,0,1,1,0,0,0,0,1,0,0,1,0,0,0,1,0,0,0,1,0,0,0,0,0,0,0,0
0.0,24,1938,0.0,1.0,4,0,3,32,1,2.0,1,0,1,1,0,1,0,1,0,0,0,1,0,0,1,0,0,1,0,0,0,0,0,0,0,0,0,0,1,0,0
0.0,24,2910,0.0,3.0,2,0,1,34,1,3.0,1,1,1,0,0,0,0,0,0,1,0,1,0,1,0,0,0,1,0,0,0,0,0,1,0,0,0,0,0,0,0
0.0,18,2659,3.0,2.0,4,0,2,28,1,2.0,1,0,1,0,0,0,1,0,0,0,0,1,0,0,1,0,0,1,0,0,0,0,0,0,0,0,1,0,0,0,0
3.0,18,1028,0.0,2.0,4,0,3,36,2,2.0,1,0,1,0,1,1,0,0,1,0,0,1,0,0,1,0,0,0,1,0,0,0,1,0,0,0,0,0,0,0,0
0.0,8,3398,0.0,3.0,1,0,4,39,2,1.0,1,0,0,0,0,0,0,0,1,0,0,1,0,0,1,0,0,0,1,0,0,0,1,0,0,0,0,0,0,0,0
3.0,12,5801,4.0,4.0,2,0,4,49,1,2.0,1,1,1,0,0,0,0,1,0,0,0,1,0,0,0,1,0,0,1,0,0,0,0,0,0,0,1,0,0,0,0
3.0,24,1525,3.0,3.0,4,0,3,34,1,2.0,2,1,1,0,1,1,1,0,0,0,0,1,0,0,1,0,0,1,0,0,0,0,1,0,0,0,0,0,0,0,0
2.0,36,4473,0.0,4.0,4,0,2,31,1,2.0,1,0,1,0,0,0,1,0,0,0,0,1,0,0,1,0,0,1,0,0,0,0,0,0,0,0,0,0,1,0,0
1.0,6,1068,0.0,4.0,4,0,4,28,1,2.0,2,0,1,0,0,0,1,0,0,0,0,1,0,0,1,0,0,1,0,0,0,0,0,0,0,0,0,0,1,0,0
0.0,24,6615,0.0,0.0,2,0,4,75,2,3.0,1,1,1,0,0,0,0,0,0,1,0,1,0,1,0,0,0,0,1,0,0,0,0,1,0,0,0,0,0,0,0
3.0,18,1864,1.0,2.0,4,0,2,30,2,2.0,1,0,1,1,1,1,0,0,1,0,0,1,0,0,1,0,0,0,1,0,0,0,0,0,0,1,0,0,0,0,0
1.0,60,7408,1.0,1.0,4,0,2,24,1,3.0,1,0,1,1,1,1,0,1,0,0,0,1,0,0,1,0,0,1,0,0,0,0,1,0,0,0,0,0,0,0,0
3.0,48,11590,1.0,2.0,2,0,4,24,2,1.0,1,0,1,1,1,1,1,0,0,0,1,0,0,0,0,1,0,0,1,0,0,0,0,1,0,0,0,0,0,0,0
0.0,24,4110,0.0,4.0,3,0,4,23,2,2.0,2,0,1,1,0,0,0,0,0,1,1,0,0,0,0,1,0,0,0,0,1,0,0,0,0,0,1,0,0,0,0
0.0,6,3384,0.0,2.0,1,0,4,44,1,3.0,1,1,1,1,0,1,0,0,1,0,0,1,0,0,0,1,0,0,1,0,0,0,0,0,0,0,1,0,0,0,0
1.0,13,2101,0.0,1.0,2,1,4,23,1,1.0,1,0,1,0,1,1,0,1,0,0,0,1,0,0,1,0,0,1,0,0,0,0,0,0,0,0,0,0,1,0,0
0.0,15,1275,4.0,2.0,4,0,2,24,1,2.0,1,0,1,1,1,1,1,0,0,0,0,1,0,0,0,1,0,1,0,0,0,0,0,0,1,0,0,0,0,0,0
0.0,24,4169,0.0,2.0,4,0,4,28,1,2.0,1,0,1,0,0,0,0,1,0,0,0,1,0,0,1,0,0,1,0,0,0,0,0,0,0,0,1,0,0,0,0
1.0,10,1521,0.0,2.0,4,0,2,31,1,1.0,1,0,1,0,0,1,1,0,0,0,0,1,0,0,1,0,0,1,0,0,0,0,0,0,0,0,1,0,0,0,0
1.0,24,5743,0.0,1.0,2,0,4,24,2,2.0,1,1,1,0,1,1,0,0,0,1,0,1,0,1,0,0,0,0,1,0,0,0,0,0,0,1,0,0,0,0,0
0.0,21,3599,0.0,3.0,1,0,4,26,1,1.0,1,0,1,0,1,1,1,0,0,0,0,1,0,0,0,1,0,1,0,0,0,0,0,0,0,0,1,0,0,0,0
1.0,18,3213,2.0,1.0,1,0,3,25,1,2.0,1,0,1,0,0,1,0,0,1,0,0,1,0,0,0,1,0,1,0,0,0,0,0,0,0,0,0,0,1,0,0
1.0,18,4439,0.0,4.0,1,1,1,33,1,3.0,1,1,1,0,0,0,0,0,1,0,1,0,0,0,1,0,0,1,0,0,0,1,0,0,0,0,0,0,0,0,0
2.0,10,3949,0.0,1.0,1,1,1,37,1,1.0,2,0,1,0,0,0,0,1,0,0,0,1,0,0,1,0,0,1,0,0,0,0,1,0,0,0,0,0,0,0,0
3.0,15,1459,0.0,2.0,4,0,2,43,1,1.0,1,0,1,0,1,1,1,0,0,0,0,1,0,0,1,0,0,0,1,0,0,0,0,0,0,0,0,0,1,0,0
1.0,13,882,0.0,1.0,4,1,4,23,2,2.0,1,0,1,0,0,0,0,0,1,0,0,1,0,0,1,0,0,0,1,0,0,0,0,0,0,0,0,0,1,0,0
1.0,24,3758,2.0,0.0,1,0,4,23,1,0.0,1,0,1,0,1,1,0,0,0,1,0,1,0,0,0,1,0,1,0,0,0,0,0,0,0,0,0,0,1,0,0
3.0,6,1743,1.0,2.0,1,0,2,34,2,1.0,1,0,1,0,0,0,0,0,1,0,0,1,0,0,1,0,0,0,0,1,0,1,0,0,0,0,0,0,0,0,0
1.0,9,1136,3.0,4.0,4,0,3,32,2,2.0,2,0,1,1,0,0,0,0,0,1,0,1,0,1,0,0,0,0,1,0,0,0,0,0,0,1,0,0,0,0,0
3.0,9,1236,0.0,1.0,1,0,4,23,1,2.0,1,1,1,0,1,1,0,0,1,0,0,1,0,0,0,1,0,1,0,0,0,0,0,0,1,0,0,0,0,0,0
1.0,9,959,0.0,2.0,1,0,2,29,1,2.0,1,0,0,1,1,1,1,0,0,0,0,1,0,0,1,0,0,1,0,0,0,0,0,0,0,0,1,0,0,0,0
3.0,18,3229,4.0,0.0,2,0,4,38,1,3.0,1,1,1,0,0,0,0,0,0,1,0,1,0,0,1,0,0,0,1,0,0,0,0,1,0,0,0,0,0,0,0
0.0,12,6199,0.0,2.0,4,0,2,28,2,2.0,1,1,1,1,0,0,0,1,0,0,0,1,0,0,0,1,0,0,0,0,1,0,0,0,0,0,0,0,1,0,0
3.0,10,727,2.0,4.0,4,0,4,46,1,2.0,1,1,1,0,0,0,0,0,0,1,0,1,0,1,0,0,0,1,0,0,0,0,0,0,0,1,0,0,0,0,0
1.0,24,1246,0.0,1.0,4,0,2,23,1,1.0,1,0,1,1,0,0,0,0,1,0,0,0,1,0,1,0,0,1,0,0,0,0,1,0,0,0,0,0,0,0,0
3.0,12,2331,4.0,4.0,1,1,4,49,1,2.0,1,1,1,0,0,0,0,0,1,0,0,1,0,0,1,0,0,0,1,0,0,0,0,0,0,0,0,0,1,0,0
3.0,36,4463,0.0,2.0,4,0,2,26,2,3.0,1,1,1,1,0,0,1,0,0,0,0,1,0,0,1,0,0,0,0,1,0,0,0,0,0,0,0,0,1,0,0
3.0,12,776,0.0,2.0,4,0,2,28,1,2.0,1,0,1,0,0,1,0,0,1,0,0,1,0,0,1,0,0,1,0,0,0,0,0,0,0,0,0,0,1,0,0
0.0,30,2406,0.0,3.0,4,0,4,23,1,2.0,1,0,1,1,1,1,0,0,1,0,0,1,0,0,0,1,0,1,0,0,0,0,0,0,0,0,1,0,0,0,0
1.0,18,1239,4.0,2.0,4,0,4,61,1,2.0,1,0,1,0,0,0,0,0,0,1,0,1,0,1,0,0,0,1,0,0,0,0,0,0,0,1,0,0,0,0,0
2.0,12,3399,4.0,4.0,2,0,3,37,1,3.0,1,0,1,0,0,0,1,0,0,0,0,1,0,0,1,0,0,1,0,0,0,0,0,0,0,0,0,0,1,0,0
2.0,12,2247,0.0,2.0,2,0,2,36,2,2.0,1,1,1,0,1,1,1,0,0,0,0,0,1,0,1,0,0,0,0,1,0,0,1,0,0,0,0,0,0,0,0
3.0,6,1766,0.0,2.0,1,0,2,21,1,2.0,1,0,1,0,0,1,0,1,0,0,0,1,0,0,0,1,0,1,0,0,0,0,0,0,0,0,1,0,0,0,0
0.0,18,2473,0.0,0.0,4,0,1,25,1,0.0,1,0,1,1,0,0,1,0,0,0,0,1,0,0,1,0,0,1,0,0,0,0,0,0,0,0,1,0,0,0,0
3.0,12,1542,0.0,3.0,2,0,4,36,1,2.0,1,1,1,0,0,0,1,0,0,0,0,1,0,0,1,0,0,1,0,0,0,1,0,0,0,0,0,0,0,0,0
3.0,18,3850,0.0,3.0,3,0,1,27,2,2.0,1,0,1,0,0,0,1,0,0,0,0,1,0,0,1,0,0,0,1,0,0,0,0,1,0,0,0,0,0,0,0
0.0,18,3650,0.0,1.0,1,0,4,22,1,2.0,1,0,1,0,1,1,1,0,0,0,0,1,0,0,0,1,0,1,0,0,0,0,0,0,0,0,1,0,0,0,0
0.0,36,3446,0.0,4.0,4,0,2,42,1,2.0,2,0,1,1,0,0,1,0,0,0,0,1,0,0,1,0,0,1,0,0,0,0,0,0,0,0,1,0,0,0,0
1.0,18,3001,0.0,3.0,2,0,4,40,1,2.0,1,0,1,0,1,1,0,0,1,0,0,1,0,0,0,1,0,1,0,0,0,0,0,0,0,0,1,0,0,0,0
3.0,36,3079,4.0,2.0,4,0,4,36,1,2.0,1,0,1,0,0,0,0,0,1,0,0,1,0,0,1,0,0,1,0,0,0,0,1,0,0,0,0,0,0,0,0
3.0,18,6070,0.0,4.0,3,0,4,33,2,2.0,1,1,1,0,0,0,1,0,0,0,0,1,0,0,1,0,0,0,1,0,0,0,0,0,0,0,0,0,1,0,0
3.0,10,2146,0.0,1.0,1,0,3,23,2,2.0,1,0,1,0,1,1,0,0,1,0,0,1,0,0,0,1,0,0,1,0,0,0,0,0,0,0,1,0,0,0,0
3.0,60,13756,4.0,4.0,2,0,4,63,1,3.0,1,1,1,0,0,0,0,0,0,1,1,0,0,1,0,0,0,0,1,0,0,0,1,0,0,0,0,0,0,0,0
1.0,60,14782,1.0,4.0,3,0,4,60,2,3.0,1,1,1,1,1,1,0,0,0,1,1,0,0,1,0,0,1,0,0,0,0,0,0,0,0,0,0,1,0,0,0
0.0,48,7685,0.0,3.0,2,1,4,37,1,2.0,1,0,1,1,1,1,1,0,0,0,0,1,0,0,0,1,1,0,0,0,0,1,0,0,0,0,0,0,0,0,0
3.0,18,2320,0.0,0.0,2,0,3,34,2,2.0,1,0,1,0,0,1,0,0,1,0,0,1,0,0,1,0,0,0,0,1,0,0,0,0,0,0,0,0,1,0,0
3.0,7,846,4.0,4.0,3,0,4,36,1,2.0,1,0,1,0,0,0,0,0,0,1,0,1,0,1,0,0,0,0,0,1,0,0,0,0,0,0,0,0,1,0,0
1.0,36,14318,0.0,4.0,4,0,2,57,1,3.0,1,1,1,1,0,0,0,0,0,1,0,1,0,1,0,0,0,1,0,0,0,0,1,0,0,0,0,0,0,0,0
3.0,6,362,1.0,2.0,4,0,4,52,2,1.0,1,0,1,0,1,1,1,0,0,0,0,1,0,0,1,0,0,0,1,0,0,0,1,0,0,0,0,0,0,0,0
0.0,20,2212,4.0,3.0,4,0,4,39,1,2.0,1,1,1,0,0,0,1,0,0,0,0,1,0,0,1,0,0,1,0,0,0,0,0,0,0,0,1,0,0,0,0
1.0,18,12976,0.0,0.0,3,0,4,38,1,3.0,1,1,1,1,1,1,0,0,0,1,0,1,0,1,0,0,0,1,0,0,0,0,0,1,0,0,0,0,0,0,0
3.0,22,1283,4.0,3.0,4,0,4,25,1,2.0,1,0,1,0,1,1,0,1,0,0,0,1,0,0,0,1,0,1,0,0,0,0,1,0,0,0,0,0,0,0,0
2.0,12,1330,0.0,1.0,4,0,1,26,1,2.0,1,0,1,0,0,0,0,0,1,0,0,1,0,0,1,0,0,1,0,0,0,0,1,0,0,0,0,0,0,0,0
3.0,30,4272,1.0,2.0,2,0,2,26,2,1.0,1,0,1,0,0,0,0,1,0,0,0,1,0,0,1,0,0,0,0,1,0,1,0,0,0,0,0,0,0,0,0
3.0,18,2238,0.0,2.0,2,0,1,25,2,2.0,1,0,1,0,1,1,1,0,0,0,0,1,0,0,1,0,0,0,1,0,0,0,0,0,0,0,0,0,1,0,0
3.0,18,1126,4.0,1.0,4,0,2,21,1,2.0,1,1,1,0,1,1,0,0,1,0,0,1,0,0,0,1,0,1,0,0,0,0,0,0,0,0,0,0,1,0,0
1.0,18,7374,0.0,0.0,4,0,4,40,2,3.0,1,1,1,0,0,0,0,1,0,0,0,0,1,0,1,0,0,0,1,0,0,0,0,0,0,0,1,0,0,0,0
1.0,15,2326,2.0,2.0,2,0,4,27,1,2.0,1,0,1,0,0,0,1,0,0,0,1,0,0,0,1,0,0,0,1,0,0,1,0,0,0,0,0,0,0,0,0
3.0,9,1449,0.0,3.0,3,0,2,27,2,2.0,1,0,1,0,1,1,1,0,0,0,0,1,0,0,1,0,0,1,0,0,0,1,0,0,0,0,0,0,0,0,0
3.0,18,1820,0.0,2.0,2,0,2,30,1,3.0,1,1,1,0,0,1,0,1,0,0,0,1,0,0,1,0,0,1,0,0,0,0,1,0,0,0,0,0,0,0,0
1.0,12,983,3.0,1.0,1,0,4,19,1,1.0,1,0,1,0,1,1,0,0,1,0,0,1,0,0,0,1,0,1,0,0,0,0,0,0,0,0,1,0,0,0,0
0.0,36,3249,0.0,3.0,2,0,4,39,1,3.0,2,1,1,0,0,0,0,0,0,1,1,0,0,1,0,0,0,1,0,0,0,0,1,0,0,0,0,0,0,0,0
0.0,6,1957,0.0,3.0,1,0,4,31,1,2.0,1,0,1,0,1,1,1,0,0,0,0,1,0,0,1,0,0,0,1,0,0,0,0,0,0,0,0,0,1,0,0
3.0,9,2406,0.0,0.0,2,0,3,31,1,3.0,1,0,1,0,0,0,1,0,0,0,0,1,0,0,1,0,0,0,1,0,0,0,0,0,0,0,1,0,0,0,0
1.0,39,11760,1.0,3.0,2,0,3,32,1,2.0,1,1,1,0,0,0,0,0,0,1,0,1,0,0,0,1,0,0,0,1,0,0,0,0,0,1,0,0,0,0,0
0.0,12,2578,0.0,0.0,3,0,4,55,1,3.0,1,0,1,0,1,1,0,0,0,1,0,1,0,1,0,0,0,1,0,0,0,0,0,0,0,0,1,0,0,0,0
0.0,36,2348,0.0,2.0,3,0,2,46,2,2.0,1,1,1,0,0,1,0,1,0,0,0,1,0,0,1,0,0,0,1,0,0,0,0,0,0,0,1,0,0,0,0
1.0,12,1223,0.0,4.0,1,0,1,46,2,2.0,1,0,1,1,0,1,0,0,1,0,0,1,0,0,0,1,0,1,0,0,0,0,1,0,0,0,0,0,0,0,0
3.0,24,1516,3.0,2.0,4,0,1,43,2,1.0,1,0,1,0,1,1,0,0,1,0,0,1,0,0,1,0,0,0,1,0,0,0,0,0,0,0,0,0,1,0,0
3.0,18,1473,0.0,1.0,3,0,4,39,1,2.0,1,1,1,0,0,1,0,0,1,0,0,1,0,0,1,0,0,1,0,0,0,0,0,0,0,0,0,0,1,0,0
1.0,18,1887,4.0,2.0,4,0,4,28,2,2.0,1,0,1,0,0,1,0,0,1,0,1,0,0,0,1,0,0,0,1,0,0,1,0,0,0,0,0,0,0,0,0
3.0,24,8648,0.0,1.0,2,0,2,27,2,2.0,1,1,1,1,0,0,1,0,0,0,1,0,0,0,1,0,0,0,0,1,0,1,0,0,0,0,0,0,0,0,0
3.0,14,802,0.0,2.0,4,0,2,27,2,1.0,1,0,1,0,0,0,1,0,0,0,0,1,0,0,1,0,0,0,0,1,0,0,1,0,0,0,0,0,0,0,0
1.0,18,2899,4.0,4.0,4,0,4,43,1,2.0,2,0,1,0,0,0,1,0,0,0,0,1,0,0,1,0,0,0,0,1,0,0,1,0,0,0,0,0,0,0,0
1.0,24,2039,0.0,1.0,1,0,1,22,1,2.0,1,1,1,1,0,1,0,1,0,0,0,1,0,0,1,0,0,1,0,0,0,0,0,0,0,0,0,0,1,0,0
3.0,24,2197,4.0,3.0,4,0,4,43,2,2.0,2,1,1,0,0,0,1,0,0,0,0,1,0,0,1,0,0,0,1,0,0,0,0,1,0,0,0,0,0,0,0
0.0,15,1053,0.0,1.0,4,0,2,27,1,2.0,1,0,0,0,0,1,0,0,1,0,0,1,0,0,1,0,0,1,0,0,0,0,0,0,0,0,0,0,1,0,0
3.0,24,3235,2.0,4.0,3,0,2,26,1,3.0,1,1,1,0,0,1,1,0,0,0,0,1,0,0,1,0,0,1,0,0,0,0,0,0,0,0,0,0,1,0,0
2.0,12,939,2.0,3.0,4,0,2,28,3,2.0,1,1,1,1,0,1,0,0,1,0,0,1,0,0,1,0,0,0,1,0,0,0,1,0,0,0,0,0,0,0,0
1.0,24,1967,0.0,4.0,4,0,4,20,1,2.0,1,1,1,0,1,1,1,0,0,0,0,1,0,0,1,0,0,1,0,0,0,0,0,0,0,0,0,0,1,0,0
3.0,33,7253,0.0,3.0,3,0,2,35,2,3.0,1,1,1,0,0,0,1,0,0,0,0,1,0,0,1,0,0,0,1,0,0,0,0,1,0,0,0,0,0,0,0
3.0,12,2292,0.0,0.0,4,0,2,42,2,3.0,1,1,1,1,0,0,1,0,0,0,0,0,1,0,1,0,0,0,1,0,0,1,0,0,0,0,0,0,0,0,0
3.0,10,1597,2.0,2.0,3,0,2,40,1,1.0,2,0,0,0,0,0,0,0,0,1,0,1,0,0,0,1,0,1,0,0,0,0,1,0,0,0,0,0,0,0,0
0.0,24,1381,4.0,2.0,4,0,2,35,1,2.0,1,0,1,1,1,1,0,1,0,0,0,1,0,0,1,0,0,1,0,0,0,0,1,0,0,0,0,0,0,0,0
3.0,36,5842,0.0,4.0,2,0,2,35,2,2.0,2,1,1,0,0,0,0,1,0,0,0,1,0,0,1,0,0,0,1,0,0,0,0,1,0,0,0,0,0,0,0
0.0,12,2579,0.0,1.0,4,0,1,33,1,1.0,2,0,1,1,0,0,0,0,1,0,0,1,0,0,1,0,0,1,0,0,0,0,1,0,0,0,0,0,0,0,0
0.0,18,8471,4.0,2.0,1,0,2,23,2,2.0,1,1,1,0,1,1,1,0,0,0,0,1,0,0,0,1,0,0,0,1,0,0,0,0,0,1,0,0,0,0,0
3.0,21,2782,2.0,3.0,1,0,2,31,1,3.0,1,0,1,0,1,1,1,0,0,0,1,0,0,0,1,0,0,1,0,0,0,0,1,0,0,0,0,0,0,0,0
1.0,18,1042,4.0,2.0,4,0,2,33,1,2.0,1,0,1,1,1,1,0,1,0,0,0,1,0,0,1,0,0,1,0,0,0,0,1,0,0,0,0,0,0,0,0
3.0,15,3186,3.0,3.0,2,0,3,20,1,2.0,1,0,1,0,1,1,1,0,0,0,0,1,0,0,0,1,0,1,0,0,0,0,1,0,0,0,0,0,0,0,0
1.0,12,2028,4.0,2.0,4,0,2,30,1,2.0,1,0,1,0,0,0,1,0,0,0,0,1,0,0,1,0,0,1,0,0,0,0,0,1,0,0,0,0,0,0,0
1.0,12,958,0.0,3.0,2,0,3,47,2,1.0,2,0,1,0,0,0,0,0,1,0,0,1,0,0,1,0,0,0,1,0,0,0,1,0,0,0,0,0,0,0,0
3.0,21,1591,1.0,3.0,4,0,3,34,2,3.0,1,0,1,0,0,0,0,0,1,0,0,1,0,0,1,0,0,0,0,1,0,0,0,0,0,0,1,0,0,0,0
1.0,12,2762,4.0,4.0,1,0,2,25,1,2.0,1,1,1,1,1,1,0,1,0,0,1,0,0,0,1,0,0,1,0,0,0,0,0,0,0,0,1,0,0,0,0
1.0,18,2779,0.0,2.0,1,0,3,21,1,2.0,1,1,1,0,0,1,1,0,0,0,0,1,0,0,0,1,0,1,0,0,0,0,0,1,0,0,0,0,0,0,0
3.0,28,2743,0.0,4.0,4,0,2,29,2,2.0,1,0,1,0,0,0,1,0,0,0,0,1,0,0,1,0,0,0,1,0,0,0,0,0,0,0,0,0,1,0,0
3.0,18,1149,3.0,2.0,4,0,3,46,2,2.0,1,0,1,0,0,0,0,0,1,0,0,1,0,0,1,0,0,0,1,0,0,0,0,0,0,0,0,0,1,0,0
3.0,9,1313,0.0,4.0,1,0,4,20,1,2.0,1,0,1,0,0,0,1,0,0,0,0,1,0,0,1,0,0,1,0,0,0,0,0,0,0,0,1,0,0,0,0
0.0,18,1190,0.0,0.0,2,0,4,55,3,0.0,2,0,1,1,1,1,0,0,0,1,0,1,0,1,0,0,0,0,1,0,0,0,0,0,0,0,0,0,0,1,0
3.0,5,3448,0.0,3.0,1,0,4,74,1,1.0,1,0,1,0,0,0,0,0,1,0,0,1,0,0,1,0,0,1,0,0,0,1,0,0,0,0,0,0,0,0,0
1.0,24,11328,0.0,2.0,2,1,3,29,2,3.0,1,1,1,1,0,0,1,0,0,0,1,0,0,0,1,0,0,1,0,0,0,0,0,0,0,0,0,1,0,0,0
0.0,6,1872,0.0,0.0,4,0,4,36,3,3.0,1,1,1,0,0,0,0,0,0,1,0,1,0,1,0,0,0,0,1,0,0,0,0,0,0,0,1,0,0,0,0
3.0,24,2058,0.0,2.0,4,0,2,33,2,2.0,1,1,1,0,0,1,0,0,1,0,0,1,0,0,1,0,0,0,1,0,0,0,0,0,0,0,0,0,0,1,0
0.0,9,2136,0.0,2.0,3,0,2,25,1,2.0,1,0,1,0,0,0,0,0,1,0,0,1,0,0,1,0,0,1,0,0,0,0,0,0,0,0,1,0,0,0,0
1.0,12,1484,4.0,2.0,2,0,1,25,1,2.0,1,1,1,1,0,1,0,0,1,0,0,1,0,0,1,0,0,1,0,0,0,0,0,0,0,0,0,0,1,0,0
3.0,6,660,2.0,3.0,2,0,4,23,1,1.0,1,0,1,0,0,1,0,0,1,0,0,1,0,0,0,1,0,1,0,0,0,0,0,0,0,0,0,0,0,1,0
3.0,24,1287,3.0,4.0,4,0,4,37,2,2.0,1,1,1,0,1,1,0,0,1,0,0,1,0,0,1,0,0,0,1,0,0,0,1,0,0,0,0,0,0,0,0
0.0,42,3394,0.0,0.0,4,1,4,65,2,0.0,1,0,1,0,0,0,1,0,0,0,0,1,0,0,1,0,0,0,1,0,0,0,0,0,0,0,0,0,0,1,0
2.0,12,609,0.0,1.0,4,0,1,26,1,0.0,1,0,1,1,1,1,0,0,1,0,0,1,0,0,1,0,1,0,0,0,0,1,0,0,0,0,0,0,0,0,0
3.0,12,1884,0.0,4.0,4,0,4,39,1,3.0,1,1,1,0,0,0,1,0,0,0,0,1,0,0,1,0,0,1,0,0,0,0,1,0,0,0,0,0,0,0,0
0.0,12,1620,0.0,2.0,2,1,3,30,1,2.0,1,0,1,0,1,1,0,1,0,0,0,1,0,0,1,0,0,1,0,0,0,0,0,0,0,0,1,0,0,0,0
1.0,20,2629,0.0,2.0,2,0,3,29,2,2.0,1,1,1,0,0,0,1,0,0,0,1,0,0,0,1,0,0,0,0,1,0,0,0,0,0,0,0,1,0,0,0
3.0,12,719,0.0,4.0,4,0,4,41,1,1.0,2,0,1,1,0,0,1,0,0,0,1,0,0,0,1,0,0,1,0,0,0,0,0,0,0,1,0,0,0,0,0
1.0,48,5096,0.0,2.0,2,0,3,30,1,3.0,1,1,1,1,1,1,1,0,0,0,0,1,0,0,1,0,0,0,1,0,0,0,0,0,0,0,1,0,0,0,0
3.0,9,1244,4.0,4.0,4,0,4,41,2,1.0,1,0,1,0,1,1,0,1,0,0,0,1,0,0,0,1,0,0,1,0,0,0,0,0,0,1,0,0,0,0,0
0.0,36,1842,0.0,1.0,4,0,4,34,1,2.0,1,1,1,1,1,1,1,0,0,0,0,1,0,0,1,0,0,1,0,0,0,0,1,0,0,0,0,0,0,0,0
1.0,7,2576,0.0,2.0,2,1,2,35,1,2.0,1,0,1,0,0,0,0,0,1,0,0,1,0,0,1,0,0,1,0,0,0,0,0,0,0,0,0,0,1,0,0
2.0,12,1424,4.0,4.0,3,0,4,55,1,3.0,1,1,1,0,1,1,0,0,1,0,0,1,0,0,1,0,0,1,0,0,0,0,0,0,0,0,1,0,0,0,0
1.0,15,1512,3.0,2.0,3,0,3,61,2,2.0,1,0,1,1,0,1,0,1,0,0,0,0,1,0,1,0,0,0,0,1,0,0,0,0,0,0,0,0,0,1,0
3.0,36,11054,4.0,2.0,4,0,2,30,1,3.0,1,1,1,0,0,0,1,0,0,0,0,1,0,0,1,0,0,0,1,0,0,0,0,1,0,0,0,0,0,0,0
3.0,6,518,0.0,2.0,3,0,1,29,1,2.0,1,0,1,0,1,1,0,0,1,0,0,1,0,0,1,0,0,1,0,0,0,0,0,0,0,0,0,0,1,0,0
3.0,12,2759,0.0,4.0,2,0,4,34,2,2.0,1,0,1,0,0,0,0,1,0,0,0,1,0,0,1,0,0,0,0,0,1,0,0,0,0,0,1,0,0,0,0
3.0,24,2670,0.0,4.0,4,0,4,35,1,3.0,1,1,1,0,0,0,1,0,0,0,0,1,0,0,1,0,0,1,0,0,0,0,0,1,0,0,0,0,0,0,0
0.0,24,4817,0.0,3.0,2,1,3,31,1,2.0,1,1,1,1,0,0,0,1,0,0,0,1,0,0,1,0,0,1,0,0,0,0,1,0,0,0,0,0,0,0,0
3.0,24,2679,0.0,1.0,4,0,1,29,1,3.0,1,1,1,0,1,1,0,0,0,1,0,1,0,0,1,0,0,1,0,0,0,0,0,1,0,0,0,0,0,0,0
0.0,11,3905,0.0,2.0,2,0,2,36,2,2.0,2,0,1,0,0,0,0,0,1,0,0,1,0,0,0,1,0,0,1,0,0,0,1,0,0,0,0,0,0,0,0
0.0,12,3386,0.0,4.0,3,0,4,35,1,2.0,1,1,1,1,0,0,0,0,0,1,0,1,0,1,0,0,0,1,0,0,0,0,0,1,0,0,0,0,0,0,0
0.0,6,343,0.0,1.0,4,0,1,27,1,2.0,1,0,1,0,1,1,0,0,1,0,0,1,0,0,1,0,0,1,0,0,0,0,0,0,1,0,0,0,0,0,0
3.0,18,4594,0.0,1.0,3,0,2,32,1,2.0,1,1,1,0,0,0,1,0,0,0,0,1,0,0,1,0,0,1,0,0,0,0,0,0,0,0,0,0,1,0,0
0.0,36,3620,0.0,2.0,1,1,2,37,1,2.0,2,0,1,0,0,0,0,1,0,0,0,1,0,0,1,0,0,1,0,0,0,0,0,0,0,0,1,0,0,0,0
0.0,15,1721,0.0,1.0,2,0,3,36,1,2.0,1,0,1,0,0,0,0,0,1,0,0,1,0,0,1,0,0,1,0,0,0,0,1,0,0,0,0,0,0,0,0
1.0,12,3017,0.0,1.0,3,0,1,34,1,3.0,1,0,1,0,1,1,0,0,1,0,0,1,0,0,0,1,0,1,0,0,0,0,0,0,0,0,1,0,0,0,0
1.0,12,754,4.0,4.0,4,0,4,38,2,2.0,1,0,1,0,0,0,0,1,0,0,0,1,0,0,1,0,0,1,0,0,0,0,0,0,0,0,0,0,0,0,1
3.0,18,1950,0.0,3.0,4,0,1,34,2,2.0,1,1,1,0,0,0,1,0,0,0,0,0,1,0,1,0,0,1,0,0,0,1,0,0,0,0,0,0,0,0,0
0.0,24,2924,0.0,2.0,3,1,4,63,1,2.0,2,1,1,0,0,0,0,0,0,1,1,0,0,0,1,0,0,1,0,0,0,0,0,1,0,0,0,0,0,0,0
0.0,24,1659,0.0,1.0,4,0,2,29,1,1.0,1,1,1,1,1,1,1,0,0,0,0,1,0,0,0,1,0,0,0,1,0,0,0,0,0,0,0,0,1,0,0
3.0,48,7238,4.0,4.0,3,0,3,32,2,2.0,2,0,1,0,0,0,1,0,0,0,1,0,0,0,1,0,0,0,0,1,0,0,0,0,0,0,0,0,1,0,0
3.0,33,2764,0.0,2.0,2,0,2,26,2,2.0,1,1,1,0,1,1,1,0,0,0,0,1,0,0,1,0,0,0,0,1,0,1,0,0,0,0,0,0,0,0,0
3.0,24,4679,0.0,3.0,3,0,3,35,2,1.0,1,1,1,0,0,0,1,0,0,0,0,1,0,0,1,0,0,0,0,1,0,0,0,1,0,0,0,0,0,0,0
1.0,24,3092,1.0,1.0,3,0,2,22,1,2.0,1,1,1,1,0,1,1,0,0,0,0,1,0,0,0,1,0,1,0,0,0,0,0,0,0,0,0,0,1,0,0
0.0,6,448,0.0,1.0,4,0,4,23,1,2.0,1,0,1,1,1,1,0,1,0,0,0,1,0,0,1,0,0,1,0,0,0,0,0,0,0,1,0,0,0,0,0
0.0,9,654,0.0,2.0,4,0,3,28,1,1.0,1,0,1,1,0,0,1,0,0,0,0,1,0,0,1,0,0,1,0,0,0,0,1,0,0,0,0,0,0,0,0
3.0,6,1238,4.0,0.0,4,0,4,36,1,3.0,2,1,1,0,0,0,0,1,0,0,0,1,0,0,1,0,0,1,0,0,0,0,0,0,0,0,0,0,0,0,1
1.0,18,1245,0.0,2.0,4,0,2,33,1,2.0,1,0,1,1,0,1,1,0,0,0,0,1,0,0,1,0,0,0,1,0,0,0,0,0,0,0,0,0,1,0,0
0.0,18,3114,0.0,1.0,1,0,4,26,1,2.0,1,0,1,1,1,1,0,1,0,0,0,1,0,0,0,1,0,0,0,0,1,0,0,0,0,0,1,0,0,0,0
3.0,39,2569,2.0,2.0,4,0,4,24,1,2.0,1,0,1,0,0,0,1,0,0,0,0,1,0,0,1,0,0,1,0,0,0,0,0,1,0,0,0,0,0,0,0
2.0,24,5152,0.0,3.0,4,0,2,25,1,2.0,1,0,1,0,0,0,1,0,0,0,1,0,0,0,1,0,0,1,0,0,0,0,0,0,0,0,0,0,1,0,0
1.0,12,1037,1.0,3.0,3,0,4,39,1,1.0,1,0,1,0,0,0,0,0,1,0,0,1,0,0,1,0,0,1,0,0,0,1,0,0,0,0,0,0,0,0,0
0.0,15,1478,0.0,4.0,4,0,4,44,2,2.0,2,1,1,0,0,0,1,0,0,0,0,1,0,0,1,0,0,0,1,0,0,0,0,0,0,0,1,0,0,0,0
1.0,12,3573,0.0,2.0,1,0,1,23,1,1.0,1,0,1,0,1,1,0,0,1,0,0,1,0,0,1,0,0,0,1,0,0,0,0,0,0,0,0,0,1,0,0
1.0,24,1201,0.0,1.0,4,0,1,26,1,2.0,1,0,1,0,0,0,0,1,0,0,0,1,0,0,1,0,0,1,0,0,0,0,1,0,0,0,0,0,0,0,0
0.0,30,3622,3.0,4.0,4,0,4,57,2,2.0,1,1,1,0,1,1,0,1,0,0,0,1,0,0,0,1,0,1,0,0,0,0,0,0,0,0,1,0,0,0,0
3.0,15,960,3.0,3.0,3,0,2,30,2,2.0,1,0,1,0,1,1,0,1,0,0,0,1,0,0,1,0,0,0,0,1,0,0,0,0,0,0,1,0,0,0,0
3.0,12,1163,2.0,2.0,4,0,4,44,1,2.0,1,1,1,0,0,0,0,0,1,0,0,1,0,0,1,0,0,0,1,0,0,0,1,0,0,0,0,0,0,0,0
1.0,6,1209,0.0,0.0,4,0,4,47,1,3.0,1,1,1,1,0,0,0,1,0,0,0,1,0,0,1,0,0,0,0,1,0,0,1,0,0,0,0,0,0,0,0
3.0,12,3077,0.0,2.0,2,0,4,52,1,2.0,1,1,1,0,0,0,1,0,0,0,0,1,0,0,1,0,0,1,0,0,0,0,0,0,0,0,0,0,1,0,0
3.0,24,3757,0.0,4.0,4,1,4,62,1,2.0,1,1,1,0,1,1,0,0,0,1,0,1,0,1,0,0,0,1,0,0,0,0,1,0,0,0,0,0,0,0,0
3.0,10,1418,1.0,2.0,3,0,2,35,1,1.0,1,0,0,0,0,0,0,0,1,0,0,1,0,0,0,1,0,1,0,0,0,0,1,0,0,0,0,0,0,0,0
3.0,6,3518,0.0,2.0,2,1,3,26,1,2.0,1,0,1,0,0,0,0,1,0,0,0,1,0,0,0,1,0,1,0,0,0,0,1,0,0,0,0,0,0,0,0
3.0,12,1934,0.0,4.0,2,0,2,26,2,2.0,1,0,1,0,0,0,0,0,0,1,0,1,0,0,1,0,0,0,1,0,0,0,0,0,0,0,0,0,1,0,0
1.0,27,8318,0.0,4.0,2,0,4,42,2,3.0,1,1,1,1,1,1,0,0,0,1,0,1,0,1,0,0,0,0,0,0,1,1,0,0,0,0,0,0,0,0,0
3.0,6,1237,1.0,2.0,1,0,1,27,2,2.0,1,0,1,0,1,1,0,1,0,0,0,1,0,0,1,0,0,0,1,0,0,0,0,0,0,0,0,0,1,0,0
1.0,6,368,4.0,4.0,4,0,4,38,1,2.0,1,0,1,0,0,0,0,1,0,0,0,1,0,0,1,0,0,1,0,0,0,0,0,0,0,0,0,0,1,0,0
0.0,12,2122,0.0,2.0,3,0,2,39,2,1.0,2,0,0,0,0,0,0,0,1,0,0,1,0,0,0,1,0,0,1,0,0,0,1,0,0,0,0,0,0,0,0
0.0,24,2996,4.0,2.0,2,0,4,20,1,2.0,1,0,1,1,0,1,1,0,0,0,0,1,0,0,1,0,0,1,0,0,0,0,0,0,0,0,1,0,0,0,0
1.0,36,9034,1.0,1.0,4,1,1,29,1,3.0,1,1,1,1,0,0,0,0,0,1,0,1,0,0,0,1,0,1,0,0,0,0,0,0,0,0,1,0,0,0,0
3.0,24,1585,0.0,3.0,4,0,3,40,2,2.0,1,0,1,0,0,0,0,1,0,0,0,1,0,0,1,0,0,0,1,0,0,0,0,0,0,0,1,0,0,0,0
1.0,18,1301,0.0,4.0,4,1,2,32,1,1.0,1,0,1,0,0,1,0,0,1,0,0,1,0,0,1,0,0,1,0,0,0,0,0,0,0,0,0,0,1,0,0
2.0,6,1323,1.0,4.0,2,0,4,28,2,2.0,2,1,1,0,0,1,1,0,0,0,0,1,0,0,1,0,0,0,1,0,0,0,1,0,0,0,0,0,0,0,0
0.0,24,3123,0.0,1.0,4,0,1,27,1,2.0,1,0,1,1,1,1,0,1,0,0,0,1,0,0,1,0,0,1,0,0,0,0,1,0,0,0,0,0,0,0,0
0.0,36,5493,0.0,4.0,2,0,4,42,1,2.0,2,0,1,0,0,0,0,0,0,1,0,1,0,1,0,0,0,1,0,0,0,0,0,1,0,0,0,0,0,0,0
2.0,9,1126,1.0,4.0,2,0,4,49,1,2.0,1,0,1,0,0,1,0,0,1,0,0,1,0,0,1,0,0,1,0,0,0,0,0,0,0,0,0,0,1,0,0
1.0,24,1216,1.0,1.0,4,0,4,38,2,2.0,2,0,1,1,0,0,0,0,0,1,1,0,0,0,1,0,0,0,1,0,0,0,0,0,0,0,0,0,1,0,0
0.0,24,1207,0.0,1.0,4,0,4,24,1,2.0,1,0,1,1,1,1,0,1,0,0,0,1,0,0,0,1,0,1,0,0,0,0,1,0,0,0,0,0,0,0,0
3.0,10,1309,4.0,2.0,4,1,4,27,1,1.0,1,0,1,1,0,0,0,1,0,0,0,1,0,0,1,0,0,1,0,0,0,0,1,0,0,0,0,0,0,0,0
2.0,15,2360,2.0,2.0,2,0,2,36,1,2.0,1,1,1,0,0,0,1,0,0,0,0,1,0,0,1,0,0,0,1,0,0,0,0,1,0,0,0,0,0,0,0
1.0,15,6850,1.0,0.0,1,0,2,34,1,3.0,2,1,1,1,0,0,0,1,0,0,0,1,0,0,1,0,1,0,0,0,0,0,1,0,0,0,0,0,0,0,0
3.0,24,1413,0.0,2.0,4,0,2,28,1,2.0,1,0,1,0,0,1,0,1,0,0,0,1,0,0,1,0,0,1,0,0,0,0,0,0,0,0,0,0,1,0,0
3.0,39,8588,1.0,4.0,4,0,2,45,1,3.0,1,1,1,0,0,0,1,0,0,0,0,1,0,0,1,0,0,1,0,0,0,0,0,1,0,0,0,0,0,0,0
0.0,12,759,0.0,3.0,4,0,2,26,1,2.0,1,0,1,1,0,0,0,0,1,0,0,1,0,0,1,0,0,1,0,0,0,0,1,0,0,0,0,0,0,0,0
3.0,36,4686,0.0,2.0,2,0,2,32,1,3.0,1,1,1,0,0,0,0,0,0,1,0,1,0,1,0,0,0,1,0,0,0,0,0,1,0,0,0,0,0,0,0
2.0,15,2687,0.0,3.0,2,0,4,26,1,2.0,1,1,1,0,0,0,0,1,0,0,0,1,0,0,0,1,0,1,0,0,0,1,0,0,0,0,0,0,0,0,0
1.0,12,585,0.0,2.0,4,1,4,20,2,2.0,1,0,1,0,0,1,0,0,1,0,0,1,0,0,0,1,0,0,0,1,0,0,0,0,0,0,0,0,1,0,0
3.0,24,2255,4.0,1.0,4,0,1,54,1,2.0,1,0,1,0,0,0,0,1,0,0,0,1,0,0,1,0,0,1,0,0,0,0,1,0,0,0,0,0,0,0,0
0.0,6,609,0.0,3.0,4,0,3,37,2,2.0,1,0,0,0,1,1,0,1,0,0,0,1,0,0,1,0,0,0,1,0,0,0,1,0,0,0,0,0,0,0,0
0.0,6,1361,0.0,1.0,2,0,4,40,1,1.0,2,0,0,0,0,0,0,0,1,0,0,1,0,0,1,0,0,0,1,0,0,0,1,0,0,0,0,0,0,0,0
3.0,36,7127,0.0,1.0,2,0,4,23,2,2.0,1,1,1,1,1,1,0,1,0,0,0,1,0,0,0,1,0,0,1,0,0,0,0,0,0,0,1,0,0,0,0
0.0,6,1203,1.0,4.0,3,0,2,43,1,2.0,1,1,1,0,0,0,0,1,0,0,0,1,0,0,1,0,0,1,0,0,0,0,1,0,0,0,0,0,0,0,0
3.0,6,700,4.0,4.0,4,0,4,36,2,2.0,1,0,1,0,0,0,0,0,0,1,0,1,0,1,0,0,0,0,1,0,0,0,0,0,0,0,0,0,1,0,0
3.0,24,5507,0.0,4.0,3,0,4,44,2,2.0,1,0,1,0,0,0,0,0,0,1,0,1,0,1,0,0,0,0,1,0,0,0,0,0,0,0,0,0,0,1,0
0.0,18,3190,0.0,2.0,2,0,2,24,1,2.0,1,0,1,1,1,1,0,0,1,0,0,1,0,0,1,0,0,1,0,0,0,0,0,0,0,0,0,0,1,0,0
0.0,48,7119,0.0,2.0,3,0,4,53,2,2.0,2,0,1,1,0,0,0,0,0,1,0,1,0,1,0,0,0,0,0,0,1,0,0,0,0,0,1,0,0,0,0
3.0,24,3488,1.0,3.0,3,0,4,23,1,2.0,1,0,1,0,1,1,1,0,0,0,0,1,0,0,1,0,0,1,0,0,0,0,0,1,0,0,0,0,0,0,0
1.0,18,1113,0.0,2.0,4,1,4,26,1,1.0,2,0,1,0,1,1,0,0,1,0,0,1,0,0,1,0,0,1,0,0,0,0,0,0,0,0,0,0,1,0,0
1.0,26,7966,0.0,1.0,2,0,3,30,2,2.0,1,0,1,0,0,0,1,0,0,0,0,1,0,0,1,0,0,1,0,0,0,0,0,1,0,0,0,0,0,0,0
3.0,15,1532,1.0,2.0,4,0,3,31,1,2.0,1,0,1,0,1,1,1,0,0,0,0,1,0,0,1,0,0,0,1,0,0,0,0,0,0,1,0,0,0,0,0
3.0,4,1503,0.0,3.0,2,0,1,42,2,1.0,2,0,1,0,0,0,0,0,1,0,0,1,0,0,1,0,0,0,1,0,0,0,0,0,0,0,0,0,1,0,0
0.0,36,2302,0.0,2.0,4,0,4,31,1,2.0,1,0,1,1,0,1,1,0,0,0,0,1,0,0,0,1,0,1,0,0,0,0,0,0,0,0,0,0,1,0,0
0.0,6,662,0.0,1.0,3,0,4,41,1,1.0,2,1,1,0,0,0,0,0,1,0,0,1,0,0,1,0,0,1,0,0,0,0,1,0,0,0,0,0,0,0,0
1.0,36,2273,0.0,3.0,3,0,1,32,2,2.0,2,0,1,0,0,0,1,0,0,0,0,1,0,0,1,0,0,1,0,0,0,0,0,0,0,1,0,0,0,0,0
1.0,15,2631,1.0,2.0,2,0,4,28,2,2.0,1,1,1,1,1,1,1,0,0,0,0,1,0,0,0,1,0,1,0,0,0,0,1,0,0,0,0,0,0,0,0
3.0,12,1503,0.0,2.0,4,0,4,41,1,2.0,1,0,1,0,0,1,0,0,1,0,0,1,0,0,0,1,0,0,0,1,0,0,0,1,0,0,0,0,0,0,0
3.0,24,1311,1.0,3.0,4,0,3,26,1,2.0,1,1,1,0,0,1,0,1,0,0,0,1,0,0,1,0,0,1,0,0,0,0,0,0,0,0,0,0,1,0,0
3.0,24,3105,4.0,1.0,4,0,2,25,2,2.0,1,0,1,0,0,0,1,0,0,0,0,1,0,0,1,0,0,1,0,0,0,0,0,0,0,0,0,0,1,0,0
2.0,21,2319,0.0,1.0,2,0,1,33,1,2.0,1,0,1,1,0,1,1,0,0,0,0,1,0,0,0,1,0,0,1,0,0,0,0,0,0,1,0,0,0,0,0
0.0,6,1374,4.0,0.0,4,0,3,75,1,3.0,1,1,1,0,1,1,0,1,0,0,0,1,0,0,1,0,0,1,0,0,0,0,1,0,0,0,0,0,0,0,0
1.0,18,3612,0.0,4.0,3,0,4,37,1,2.0,1,1,1,0,1,1,0,1,0,0,0,1,0,0,1,0,0,0,1,0,0,0,0,0,0,0,1,0,0,0,0
0.0,48,7763,0.0,4.0,4,0,4,42,1,3.0,1,0,1,1,0,0,0,0,0,1,1,0,0,1,0,0,0,1,0,0,0,0,1,0,0,0,0,0,0,0,0
2.0,18,3049,0.0,1.0,1,0,1,45,1,1.0,1,0,1,0,1,1,0,1,0,0,0,0,1,0,1,0,0,1,0,0,0,0,0,0,0,0,1,0,0,0,0
1.0,12,1534,0.0,1.0,1,0,1,23,1,2.0,1,0,1,1,0,1,0,0,1,0,0,1,0,0,0,1,0,1,0,0,0,0,0,0,0,0,0,0,1,0,0
3.0,24,2032,0.0,4.0,4,0,4,60,2,2.0,1,1,1,0,0,0,0,0,0,1,0,1,0,1,0,0,0,0,0,1,0,0,1,0,0,0,0,0,0,0,0
0.0,30,6350,4.0,4.0,4,0,4,31,1,2.0,1,0,1,1,0,0,0,1,0,0,0,1,0,0,1,0,0,1,0,0,0,0,0,0,0,0,1,0,0,0,0
2.0,18,2864,0.0,2.0,2,0,1,34,1,1.0,2,0,1,1,0,0,0,0,1,0,0,1,0,0,1,0,0,1,0,0,0,0,0,0,0,0,1,0,0,0,0
3.0,12,1255,0.0,4.0,4,0,4,61,2,1.0,1,0,1,0,0,0,0,0,1,0,0,1,0,0,1,0,0,0,1,0,0,0,1,0,0,0,0,0,0,0,0
0.0,24,1333,0.0,0.0,4,0,2,43,2,2.0,2,0,1,1,0,0,0,0,1,0,0,1,0,1,0,0,0,0,0,1,0,0,1,0,0,0,0,0,0,0,0
3.0,24,2022,0.0,2.0,4,0,4,37,1,2.0,1,1,1,0,1,1,1,0,0,0,0,1,0,0,1,0,0,0,1,0,0,0,1,0,0,0,0,0,0,0,0
3.0,24,1552,0.0,3.0,3,0,1,32,1,2.0,2,0,1,0,0,0,1,0,0,0,1,0,0,0,1,0,0,1,0,0,0,0,0,0,0,0,0,0,1,0,0
0.0,12,626,0.0,2.0,4,0,4,24,1,1.0,1,0,1,1,1,1,0,0,1,0,1,0,0,0,1,0,1,0,0,0,0,0,0,0,0,0,0,0,1,0,0
3.0,48,8858,4.0,3.0,2,0,1,35,2,2.0,1,1,1,0,0,0,0,0,0,1,0,1,0,1,0,0,0,0,1,0,0,0,0,1,0,0,0,0,0,0,0
3.0,12,996,4.0,3.0,4,0,4,23,2,2.0,1,0,1,0,1,1,0,0,1,0,0,1,0,0,1,0,0,0,1,0,0,0,0,0,0,0,0,0,0,1,0
3.0,6,1750,2.0,4.0,2,0,4,45,1,1.0,2,0,1,0,0,0,0,1,0,0,1,0,0,0,1,0,1,0,0,0,0,0,0,0,0,0,0,0,1,0,0
0.0,48,6999,0.0,3.0,1,1,1,34,2,2.0,1,1,1,1,0,1,0,0,1,0,0,1,0,0,1,0,0,1,0,0,0,0,0,0,0,0,0,0,1,0,0
1.0,12,1995,1.0,1.0,4,0,1,27,1,2.0,1,0,1,0,0,0,1,0,0,0,0,1,0,0,1,0,0,0,1,0,0,0,1,0,0,0,0,0,0,0,0
1.0,9,1199,0.0,3.0,4,0,4,67,2,3.0,1,1,1,0,1,1,0,1,0,0,0,1,0,0,1,0,0,1,0,0,0,0,0,0,0,1,0,0,0,0,0
1.0,12,1331,0.0,1.0,2,0,1,22,1,2.0,1,0,1,1,0,0,1,0,0,0,0,0,1,0,1,0,0,1,0,0,0,0,0,0,0,0,0,0,1,0,0
1.0,18,2278,1.0,1.0,3,0,3,28,2,2.0,1,0,1,1,1,1,1,0,0,0,0,1,0,0,1,0,0,0,0,0,1,0,1,0,0,0,0,0,0,0,0
3.0,21,5003,4.0,2.0,1,0,4,29,2,2.0,1,1,1,1,1,1,0,1,0,0,1,0,0,0,1,0,0,0,0,0,1,0,1,0,0,0,0,0,0,0,0
0.0,24,3552,0.0,3.0,3,0,4,27,1,2.0,1,0,1,1,0,0,1,0,0,0,1,0,0,0,1,0,1,0,0,0,0,0,0,0,0,0,1,0,0,0,0
1.0,18,1928,0.0,1.0,2,0,2,31,2,1.0,1,0,1,1,0,0,0,0,1,0,0,1,0,0,1,0,0,0,1,0,0,0,0,0,0,0,1,0,0,0,0
0.0,24,2964,4.0,4.0,4,0,4,49,1,2.0,2,1,1,0,0,0,0,0,0,1,1,0,0,1,0,0,0,1,0,0,0,0,0,1,0,0,0,0,0,0,0
0.0,24,1546,0.0,3.0,4,1,4,24,1,1.0,1,0,1,1,0,0,1,0,0,0,1,0,0,0,0,1,1,0,0,0,0,0,0,0,0,0,0,0,1,0,0
2.0,6,683,0.0,1.0,2,0,1,29,1,2.0,1,0,1,0,1,1,0,1,0,0,1,0,0,0,1,0,0,0,0,1,0,0,0,0,0,0,0,0,1,0,0
1.0,36,12389,4.0,2.0,1,0,4,37,1,2.0,1,1,1,1,0,0,0,0,0,1,0,1,0,1,0,0,0,1,0,0,0,0,1,0,0,0,0,0,0,0,0
1.0,24,4712,4.0,2.0,4,0,2,37,2,3.0,1,1,1,0,0,0,0,1,0,0,1,0,0,0,1,0,0,0,0,1,0,1,0,0,0,0,0,0,0,0,0
1.0,24,1553,1.0,3.0,3,0,2,23,2,2.0,1,1,1,0,1,1,0,1,0,0,0,1,0,0,0,1,0,0,0,1,0,0,0,0,0,0,0,0,1,0,0
0.0,12,1372,0.0,3.0,2,0,3,36,1,2.0,1,0,1,1,0,1,1,0,0,0,0,1,0,0,1,0,0,1,0,0,0,0,1,0,0,0,0,0,0,0,0
3.0,24,2578,3.0,4.0,2,0,2,34,1,2.0,1,0,1,0,0,0,1,0,0,0,0,1,0,0,1,0,0,0,1,0,0,0,0,0,0,0,0,0,1,0,0
1.0,48,3979,4.0,3.0,4,0,1,41,2,2.0,2,1,1,0,0,0,1,0,0,0,0,1,0,0,1,0,0,1,0,0,0,0,0,0,0,0,0,0,1,0,0
0.0,48,6758,0.0,2.0,3,0,2,31,1,2.0,1,1,1,1,1,1,1,0,0,0,0,1,0,0,1,0,0,1,0,0,0,0,0,0,0,0,0,0,1,0,0
0.0,24,3234,0.0,1.0,4,0,4,23,1,1.0,1,1,1,1,1,1,0,0,1,0,0,1,0,0,0,1,0,1,0,0,0,0,0,0,0,0,1,0,0,0,0
3.0,30,5954,0.0,3.0,3,1,2,38,1,2.0,1,0,1,0,0,0,1,0,0,0,0,1,0,0,1,0,0,0,1,0,0,0,0,0,0,0,0,0,1,0,0
3.0,24,5433,4.0,0.0,2,0,4,26,1,3.0,1,1,1,0,1,1,0,1,0,0,0,1,0,0,0,1,0,1,0,0,0,0,0,1,0,0,0,0,0,0,0
0.0,15,806,0.0,2.0,4,0,4,22,1,1.0,1,0,1,0,1,1,0,1,0,0,0,1,0,0,1,0,0,1,0,0,0,1,0,0,0,0,0,0,0,0,0
1.0,9,1082,0.0,4.0,4,0,4,27,2,1.0,1,0,1,0,0,0,1,0,0,0,0,1,0,0,1,0,0,1,0,0,0,0,0,0,0,0,0,0,1,0,0
3.0,15,2788,0.0,3.0,2,1,3,24,2,2.0,1,0,1,0,1,1,1,0,0,0,1,0,0,0,1,0,0,0,1,0,0,0,0,0,0,0,1,0,0,0,0
1.0,12,2930,0.0,3.0,2,0,1,27,1,2.0,1,0,1,0,1,1,0,0,1,0,0,1,0,0,1,0,0,1,0,0,0,0,0,0,0,0,0,0,1,0,0
3.0,24,1927,4.0,2.0,3,0,2,33,2,2.0,1,1,1,0,1,1,1,0,0,0,0,1,0,0,1,0,0,0,1,0,0,0,0,0,0,1,0,0,0,0,0
1.0,36,2820,0.0,1.0,4,0,4,27,2,2.0,1,0,1,1,0,1,1,0,0,0,0,1,0,0,1,0,0,0,1,0,0,0,1,0,0,0,0,0,0,0,0
3.0,24,937,0.0,1.0,4,0,3,27,2,1.0,1,0,1,0,0,1,1,0,0,0,0,1,0,0,1,0,0,1,0,0,0,0,0,0,0,0,0,0,0,0,1
1.0,18,1056,0.0,4.0,3,1,3,30,2,2.0,1,0,1,1,0,0,0,0,1,0,1,0,0,0,1,0,0,0,1,0,0,0,1,0,0,0,0,0,0,0,0
1.0,12,3124,0.0,1.0,1,0,3,49,2,1.0,2,0,1,0,0,0,0,0,1,0,1,0,0,0,1,0,0,0,1,0,0,0,1,0,0,0,0,0,0,0,0
3.0,9,1388,0.0,2.0,4,0,2,26,1,2.0,1,0,1,0,1,1,0,0,1,0,0,1,0,0,0,1,0,1,0,0,0,0,0,0,0,0,1,0,0,0,0
1.0,36,2384,0.0,1.0,4,0,1,33,1,1.0,1,0,1,1,0,0,0,0,0,1,0,1,0,0,0,1,0,1,0,0,0,0,0,0,0,0,0,0,0,1,0
3.0,12,2133,4.0,4.0,4,0,4,52,1,3.0,1,1,1,0,1,1,0,0,0,1,0,1,0,1,0,0,0,1,0,0,0,0,1,0,0,0,0,0,0,0,0
0.0,18,2039,0.0,2.0,1,0,4,20,1,2.0,1,0,1,1,1,1,0,0,1,0,1,0,0,0,0,1,0,1,0,0,0,0,0,0,0,0,1,0,0,0,0
0.0,9,2799,0.0,2.0,2,0,2,36,2,2.0,2,0,1,0,0,0,0,0,1,0,0,1,0,0,0,1,0,0,1,0,0,0,1,0,0,0,0,0,0,0,0
0.0,12,1289,0.0,2.0,4,1,1,21,1,1.0,1,0,1,0,0,0,0,1,0,0,0,1,0,0,1,0,0,1,0,0,0,0,0,0,0,0,1,0,0,0,0
0.0,18,1217,0.0,2.0,4,0,3,47,1,1.0,1,1,1,1,0,1,0,0,1,0,0,1,0,0,1,0,0,1,0,0,0,0,0,0,1,0,0,0,0,0,0
0.0,12,2246,0.0,4.0,3,0,3,60,2,2.0,1,0,1,1,0,0,0,1,0,0,0,1,0,0,1,0,0,0,1,0,0,0,0,0,0,0,1,0,0,0,0
0.0,12,385,0.0,3.0,4,0,3,58,4,1.0,1,1,1,0,1,1,0,0,1,0,0,1,0,0,1,0,0,0,1,0,0,0,0,0,0,0,0,0,1,0,0
1.0,24,1965,4.0,2.0,4,0,4,42,2,2.0,1,1,1,0,1,1,1,0,0,0,0,1,0,0,0,1,0,0,0,1,0,0,1,0,0,0,0,0,0,0,0
3.0,21,1572,3.0,4.0,4,0,4,36,1,1.0,1,0,1,0,1,1,0,0,1,0,1,0,0,0,1,0,0,1,0,0,0,1,0,0,0,0,0,0,0,0,0
1.0,24,2718,0.0,2.0,3,0,4,20,1,1.0,1,1,1,1,1,1,0,1,0,0,0,1,0,0,0,1,0,1,0,0,0,0,1,0,0,0,0,0,0,0,0
0.0,24,1358,4.0,4.0,4,0,3,40,1,3.0,1,1,1,1,0,0,1,0,0,0,0,0,1,0,1,0,1,0,0,0,0,0,0,0,0,0,0,1,0,0,0
1.0,6,931,1.0,1.0,1,0,1,32,1,1.0,1,0,1,1,1,1,0,1,0,0,0,0,1,0,1,0,1,0,0,0,0,0,1,0,0,0,0,0,0,0,0
0.0,24,1442,0.0,3.0,4,0,4,23,2,2.0,1,0,1,1,1,1,1,0,0,0,0,1,0,0,0,1,0,1,0,0,0,0,1,0,0,0,0,0,0,0,0
1.0,24,4241,0.0,2.0,1,0,4,36,3,1.0,1,1,1,1,0,0,0,0,1,0,0,1,0,0,1,0,0,0,0,0,1,1,0,0,0,0,0,0,0,0,0
3.0,18,2775,0.0,3.0,2,0,2,31,2,2.0,1,0,1,1,0,0,0,1,0,0,1,0,0,0,1,0,0,0,1,0,0,0,1,0,0,0,0,0,0,0,0
3.0,24,3863,0.0,2.0,1,0,2,32,1,2.0,1,0,1,0,0,0,0,0,0,1,0,1,0,1,0,0,0,0,0,1,0,1,0,0,0,0,0,0,0,0,0
1.0,7,2329,0.0,1.0,1,1,1,45,1,2.0,1,0,1,0,1,1,0,0,1,0,0,1,0,0,1,0,0,1,0,0,0,0,0,0,0,0,0,0,1,0,0
1.0,9,918,0.0,2.0,4,0,1,30,1,2.0,1,0,1,1,1,1,0,1,0,0,0,1,0,0,1,0,0,1,0,0,0,0,0,0,0,0,1,0,0,0,0
1.0,24,1837,0.0,3.0,4,0,4,34,1,1.0,1,0,1,1,1,1,0,0,0,1,1,0,0,1,0,0,1,0,0,0,0,0,0,0,0,1,0,0,0,0,0
3.0,36,3349,0.0,2.0,4,0,2,28,1,3.0,1,1,1,1,1,1,1,0,0,0,0,1,0,0,1,0,0,1,0,0,0,0,0,0,0,0,1,0,0,0,0
2.0,10,1275,0.0,1.0,4,0,2,23,1,2.0,1,0,1,0,1,1,0,1,0,0,0,1,0,0,1,0,0,1,0,0,0,0,0,0,0,0,1,0,0,0,0
0.0,24,2828,2.0,2.0,4,0,4,22,1,2.0,1,1,1,0,0,0,0,0,1,0,0,0,1,0,1,0,1,0,0,0,0,0,0,0,0,0,1,0,0,0,0
3.0,24,4526,0.0,2.0,3,0,2,74,1,3.0,1,1,1,0,0,0,0,0,1,0,0,1,0,0,1,0,0,0,1,0,0,1,0,0,0,0,0,0,0,0,0
1.0,36,2671,1.0,2.0,4,1,4,50,1,2.0,1,0,1,1,1,1,0,0,0,1,0,1,0,1,0,0,0,1,0,0,0,0,0,0,0,0,0,0,1,0,0
3.0,18,2051,0.0,1.0,4,0,1,33,1,2.0,1,0,1,0,0,0,0,0,1,0,0,1,0,0,1,0,0,1,0,0,0,0,0,0,0,0,0,0,1,0,0
3.0,15,1300,4.0,4.0,4,0,4,45,1,2.0,2,0,1,0,0,0,0,0,0,1,1,0,0,1,0,0,0,1,0,0,0,0,0,1,0,0,0,0,0,0,0
0.0,12,741,1.0,0.0,4,0,3,22,1,2.0,1,0,1,1,1,1,0,1,0,0,0,1,0,0,1,0,0,1,0,0,0,0,0,0,1,0,0,0,0,0,0
2.0,10,1240,1.0,4.0,1,0,4,48,1,1.0,2,0,1,1,1,1,0,0,0,1,0,1,0,1,0,0,0,1,0,0,0,0,1,0,0,0,0,0,0,0,0
0.0,21,3357,3.0,1.0,4,0,2,29,1,2.0,1,0,1,0,1,1,1,0,0,0,1,0,0,0,1,0,0,1,0,0,0,0,0,0,0,0,0,0,1,0,0
0.0,24,3632,0.0,2.0,1,1,4,22,1,2.0,1,0,0,0,1,1,1,0,0,0,1,0,0,0,0,1,1,0,0,0,0,0,0,1,0,0,0,0,0,0,0
3.0,18,1808,0.0,3.0,4,0,1,22,1,2.0,1,0,1,1,1,1,0,0,1,0,0,1,0,0,1,0,0,0,0,1,0,0,0,0,0,0,1,0,0,0,0
1.0,48,12204,4.0,2.0,2,0,2,48,1,3.0,1,1,1,0,0,0,1,0,0,0,1,0,0,0,1,0,0,0,0,0,1,1,0,0,0,0,0,0,0,0,0
1.0,60,9157,4.0,2.0,2,0,2,27,1,3.0,1,0,1,0,0,0,0,0,0,1,0,1,0,1,0,0,0,0,0,1,0,0,0,0,0,0,0,0,1,0,0
0.0,6,3676,0.0,2.0,1,0,3,37,3,2.0,2,0,1,0,0,0,0,0,1,0,0,1,0,0,0,1,0,0,1,0,0,0,1,0,0,0,0,0,0,0,0
1.0,30,3441,1.0,2.0,2,1,4,21,1,2.0,1,0,1,1,1,1,1,0,0,0,0,1,0,0,0,1,0,1,0,0,0,0,0,0,0,0,1,0,0,0,0
3.0,12,640,0.0,2.0,4,0,2,49,1,1.0,1,0,1,0,0,1,0,0,1,0,0,1,0,0,1,0,0,1,0,0,0,0,1,0,0,0,0,0,0,0,0
1.0,21,3652,0.0,3.0,2,0,3,27,2,2.0,1,0,1,0,0,0,0,1,0,0,0,1,0,0,1,0,0,0,1,0,0,1,0,0,0,0,0,0,0,0,0
3.0,18,1530,0.0,2.0,3,0,2,32,2,2.0,1,0,1,1,0,0,0,1,0,0,1,0,0,0,1,0,0,0,1,0,0,0,1,0,0,0,0,0,0,0,0
3.0,48,3914,4.0,2.0,4,0,2,38,1,2.0,1,0,1,1,0,1,0,0,1,0,1,0,0,0,1,0,0,1,0,0,0,1,0,0,0,0,0,0,0,0,0
0.0,12,1858,0.0,1.0,4,0,1,22,1,2.0,1,0,1,0,1,1,1,0,0,0,0,1,0,0,0,1,0,1,0,0,0,0,0,0,0,0,1,0,0,0,0
0.0,18,2600,0.0,2.0,4,0,4,65,2,2.0,1,0,1,1,0,0,0,0,0,1,0,1,0,1,0,0,0,1,0,0,0,0,0,0,0,0,0,0,1,0,0
3.0,15,1979,4.0,4.0,4,0,2,35,1,2.0,1,0,1,0,0,0,1,0,0,0,0,1,0,0,1,0,0,1,0,0,0,0,0,0,0,0,0,0,1,0,0
2.0,6,2116,0.0,2.0,2,0,2,41,1,2.0,1,1,1,0,0,0,0,0,1,0,0,1,0,0,1,0,0,1,0,0,0,0,0,0,0,0,1,0,0,0,0
1.0,9,1437,1.0,3.0,2,0,3,29,1,2.0,1,0,1,1,0,0,0,0,0,1,0,1,0,0,1,0,1,0,0,0,0,0,1,0,0,0,0,0,0,0,0
3.0,42,4042,2.0,2.0,4,0,4,36,2,2.0,1,1,1,0,0,0,0,0,1,0,0,1,0,0,1,0,0,0,1,0,0,0,0,0,0,0,1,0,0,0,0
3.0,9,3832,4.0,4.0,1,0,4,64,1,1.0,1,0,1,0,0,0,0,0,1,0,0,1,0,0,1,0,0,1,0,0,0,0,0,0,0,1,0,0,0,0,0
0.0,24,3660,0.0,2.0,2,0,4,28,1,2.0,1,0,1,0,1,1,1,0,0,0,0,1,0,0,1,0,0,1,0,0,0,0,0,0,0,0,0,0,1,0,0
0.0,18,1553,0.0,2.0,4,0,3,44,1,2.0,1,0,1,1,0,0,1,0,0,0,1,0,0,0,1,0,1,0,0,0,0,0,0,0,0,0,1,0,0,0,0
1.0,15,1444,4.0,1.0,4,0,1,23,1,2.0,1,0,1,0,0,0,0,1,0,0,0,1,0,0,1,0,0,1,0,0,0,0,0,0,0,0,0,0,1,0,0
3.0,9,1980,0.0,1.0,2,1,2,19,2,2.0,1,0,1,1,1,1,1,0,0,0,0,1,0,0,0,1,0,1,0,0,0,0,0,0,0,0,1,0,0,0,0
1.0,24,1355,0.0,1.0,3,0,4,25,1,1.0,1,1,1,1,1,1,1,0,0,0,0,1,0,0,1,0,0,1,0,0,0,0,1,0,0,0,0,0,0,0,0
3.0,12,1393,0.0,4.0,4,0,4,47,3,2.0,2,1,1,0,0,0,0,1,0,0,1,0,0,0,1,0,0,1,0,0,0,0,0,0,0,1,0,0,0,0,0
3.0,24,1376,2.0,3.0,4,0,1,28,1,2.0,1,0,1,0,1,1,1,0,0,0,0,1,0,0,1,0,0,1,0,0,0,0,0,0,0,0,0,0,1,0,0
3.0,60,15653,0.0,3.0,2,0,4,21,2,2.0,1,1,1,0,0,0,1,0,0,0,0,1,0,0,1,0,0,0,0,1,0,0,0,0,0,0,0,0,1,0,0
3.0,12,1493,0.0,1.0,4,0,3,34,1,2.0,2,0,1,0,1,1,1,0,0,0,0,1,0,0,1,0,0,1,0,0,0,0,0,0,0,0,0,0,1,0,0
0.0,42,4370,0.0,3.0,3,0,2,26,2,2.0,2,1,1,1,0,0,0,1,0,0,1,0,0,0,1,0,0,0,0,1,0,0,0,0,0,0,0,0,1,0,0
0.0,18,750,0.0,0.0,4,0,1,27,1,0.0,1,0,1,1,1,1,0,0,1,0,0,1,0,0,1,0,0,1,0,0,0,0,0,0,0,1,0,0,0,0,0
1.0,15,1308,0.0,4.0,4,0,4,38,2,1.0,1,0,1,0,0,0,1,0,0,0,0,1,0,0,1,0,0,1,0,0,0,0,0,0,0,0,0,0,0,1,0
3.0,15,4623,1.0,2.0,3,0,2,40,1,3.0,1,1,1,1,0,0,0,1,0,0,0,1,0,0,1,0,0,1,0,0,0,0,0,0,0,1,0,0,0,0,0
3.0,24,1851,0.0,3.0,4,1,2,33,2,2.0,1,1,1,0,0,1,1,0,0,0,0,1,0,0,1,0,0,0,1,0,0,0,0,0,0,0,0,0,1,0,0
0.0,18,1880,0.0,3.0,4,0,1,32,2,3.0,1,1,1,0,0,1,0,1,0,0,0,1,0,0,1,0,0,0,1,0,0,0,0,0,0,0,0,0,1,0,0
3.0,36,7980,4.0,1.0,4,0,4,27,2,2.0,1,1,1,1,0,0,1,0,0,0,0,1,0,0,0,1,0,0,0,1,0,1,0,0,0,0,0,0,0,0,0
0.0,30,4583,0.0,2.0,2,1,2,32,2,2.0,1,0,1,0,0,1,0,0,1,0,0,1,0,0,1,0,0,0,0,0,1,0,0,0,0,0,1,0,0,0,0
3.0,12,1386,2.0,2.0,2,0,2,26,1,2.0,1,0,1,1,1,1,0,1,0,0,0,1,0,0,1,0,0,1,0,0,0,0,1,0,0,0,0,0,0,0,0
2.0,24,947,0.0,3.0,4,0,3,38,1,2.0,2,0,1,1,0,0,0,0,0,1,1,0,0,1,0,0,0,1,0,0,0,0,1,0,0,0,0,0,0,0,0
0.0,12,684,0.0,2.0,4,0,4,40,1,1.0,2,0,1,1,0,0,1,0,0,0,0,1,0,0,0,1,0,1,0,0,0,0,0,0,0,1,0,0,0,0,0
0.0,48,7476,0.0,3.0,4,0,1,50,1,3.0,1,1,1,0,0,0,0,0,0,1,0,1,0,1,0,0,0,1,0,0,0,0,0,0,0,1,0,0,0,0,0
1.0,12,1922,0.0,2.0,4,0,2,37,1,1.0,1,0,1,1,0,0,0,1,0,0,0,1,0,0,1,0,0,1,0,0,0,0,0,0,0,0,1,0,0,0,0
0.0,24,2303,0.0,4.0,4,1,1,45,1,2.0,1,0,1,1,0,0,0,0,1,0,0,1,0,0,1,0,0,1,0,0,0,0,1,0,0,0,0,0,0,0,0
1.0,36,8086,1.0,4.0,2,0,4,42,4,3.0,1,1,1,1,0,0,1,0,0,0,0,1,0,0,1,0,0,0,0,1,0,0,1,0,0,0,0,0,0,0,0
3.0,24,2346,0.0,3.0,4,0,3,35,2,2.0,1,1,1,0,0,0,1,0,0,0,0,1,0,0,1,0,0,0,1,0,0,0,0,1,0,0,0,0,0,0,0
0.0,14,3973,0.0,0.0,1,0,4,22,1,2.0,1,0,1,0,0,0,0,0,0,1,0,1,0,1,0,0,0,1,0,0,0,0,1,0,0,0,0,0,0,0,0
1.0,12,888,0.0,4.0,4,0,4,41,1,1.0,2,0,1,1,0,0,1,0,0,0,1,0,0,0,1,0,0,1,0,0,0,0,1,0,0,0,0,0,0,0,0
3.0,48,10222,4.0,3.0,4,0,3,37,1,2.0,1,1,1,0,0,0,1,0,0,0,0,0,1,0,1,0,0,1,0,0,0,0,0,0,0,0,0,0,1,0,0
1.0,30,4221,0.0,2.0,2,0,1,28,2,2.0,1,0,1,0,1,1,1,0,0,0,0,1,0,0,1,0,0,0,0,0,1,1,0,0,0,0,0,0,0,0,0
1.0,18,6361,0.0,4.0,2,0,1,41,1,2.0,1,1,1,0,0,0,0,0,0,1,0,1,0,0,1,0,0,0,1,0,0,0,0,0,0,0,1,0,0,0,0
2.0,12,1297,0.0,2.0,3,0,4,23,1,2.0,1,0,1,0,0,1,0,0,1,0,0,1,0,0,0,1,0,1,0,0,0,0,0,0,0,0,0,0,1,0,0
0.0,12,900,4.0,2.0,4,0,2,23,1,2.0,1,0,1,1,0,1,1,0,0,0,0,1,0,0,1,0,0,1,0,0,0,0,1,0,0,0,0,0,0,0,0
3.0,21,2241,0.0,4.0,4,0,2,50,2,2.0,1,0,1,0,0,0,0,0,1,0,0,1,0,0,1,0,0,1,0,0,0,0,0,0,0,0,1,0,0,0,0
1.0,6,1050,0.0,0.0,4,0,1,35,2,3.0,1,1,1,0,0,0,0,1,0,0,0,0,1,0,1,0,0,0,0,1,0,0,0,0,0,0,1,0,0,0,0
2.0,6,1047,0.0,2.0,2,0,4,50,1,1.0,1,0,1,0,1,1,0,1,0,0,0,1,0,0,1,0,0,0,1,0,0,0,0,0,0,1,0,0,0,0,0
3.0,24,6314,0.0,0.0,4,1,2,27,2,3.0,1,1,1,0,0,0,0,0,0,1,1,0,0,0,1,0,0,0,1,0,0,0,0,0,0,0,0,1,0,0,0
1.0,30,3496,3.0,2.0,4,0,2,34,1,2.0,2,1,1,0,0,0,1,0,0,0,0,0,1,0,1,0,1,0,0,0,0,0,0,0,0,0,1,0,0,0,0
3.0,48,3609,0.0,2.0,1,0,1,27,1,2.0,1,0,1,0,1,1,0,0,1,0,0,0,1,0,1,0,1,0,0,0,0,1,0,0,0,0,0,0,0,0,0
0.0,12,4843,0.0,4.0,3,1,4,43,2,2.0,1,1,1,1,0,0,0,1,0,0,0,1,0,0,0,1,0,0,1,0,0,0,1,0,0,0,0,0,0,0,0
2.0,30,3017,0.0,4.0,4,0,4,47,1,2.0,1,0,1,0,0,0,0,1,0,0,0,1,0,0,1,0,0,0,1,0,0,0,0,0,0,0,0,0,1,0,0
3.0,24,4139,1.0,2.0,3,0,3,27,2,1.0,1,1,1,0,0,0,0,1,0,0,0,1,0,0,1,0,0,0,1,0,0,1,0,0,0,0,0,0,0,0,0
3.0,36,5742,1.0,3.0,2,0,2,31,2,2.0,1,1,1,0,0,0,1,0,0,0,0,1,0,0,1,0,0,1,0,0,0,1,0,0,0,0,0,0,0,0,0
3.0,60,10366,0.0,4.0,2,0,4,42,1,3.0,1,1,1,0,0,0,0,1,0,0,0,1,0,0,1,0,0,1,0,0,0,0,1,0,0,0,0,0,0,0,0
3.0,6,2080,2.0,2.0,1,0,2,24,1,2.0,1,0,1,0,0,1,1,0,0,0,0,1,0,0,1,0,0,0,1,0,0,0,1,0,0,0,0,0,0,0,0
3.0,21,2580,2.0,1.0,4,0,2,41,1,1.0,2,0,1,1,0,0,0,0,1,0,1,0,0,0,1,0,0,0,0,1,0,1,0,0,0,0,0,0,0,0,0
3.0,30,4530,0.0,3.0,4,0,4,26,1,3.0,1,1,1,0,1,1,1,0,0,0,0,1,0,0,0,1,0,0,1,0,0,0,0,0,0,0,0,0,1,0,0
3.0,24,5150,0.0,4.0,4,0,4,33,1,2.0,1,1,1,0,0,0,1,0,0,0,0,1,0,0,1,0,0,0,1,0,0,0,0,0,0,0,1,0,0,0,0
1.0,72,5595,1.0,2.0,2,0,2,24,1,2.0,1,0,1,1,0,1,1,0,0,0,0,1,0,0,1,0,0,1,0,0,0,0,0,0,0,0,0,0,1,0,0
0.0,24,2384,0.0,4.0,4,0,4,64,1,1.0,1,0,1,0,0,0,0,0,1,0,1,0,0,0,0,1,0,1,0,0,0,0,0,0,0,0,0,0,1,0,0
3.0,18,1453,0.0,1.0,3,0,1,26,1,2.0,1,0,1,0,1,1,0,0,1,0,0,1,0,0,1,0,0,1,0,0,0,0,0,0,0,0,0,0,1,0,0
3.0,6,1538,0.0,1.0,1,0,2,56,1,2.0,1,0,1,0,1,1,0,0,0,1,0,1,0,0,1,0,0,1,0,0,0,0,0,0,0,1,0,0,0,0,0
3.0,12,2279,4.0,2.0,4,0,4,37,1,2.0,1,1,1,0,0,0,0,0,0,1,0,1,0,1,0,0,0,1,0,0,0,0,0,0,0,0,0,0,1,0,0
3.0,15,1478,0.0,2.0,4,0,3,33,2,2.0,1,0,1,0,0,1,0,0,1,0,1,0,0,0,1,0,0,0,0,1,0,0,0,0,0,0,0,0,1,0,0
3.0,24,5103,0.0,1.0,3,0,3,47,3,2.0,1,1,1,0,0,1,0,0,0,1,0,1,0,1,0,0,0,0,1,0,0,0,0,0,0,0,0,0,1,0,0
1.0,36,9857,1.0,3.0,1,0,3,31,2,1.0,2,1,1,0,0,0,0,1,0,0,0,1,0,0,1,0,0,0,0,1,0,1,0,0,0,0,0,0,0,0,0
3.0,60,6527,4.0,2.0,4,0,4,34,1,2.0,2,1,1,0,0,0,0,0,0,1,0,1,0,1,0,0,0,1,0,0,0,0,1,0,0,0,0,0,0,0,0
2.0,10,1347,4.0,3.0,4,0,2,27,2,2.0,1,1,1,0,0,0,0,1,0,0,0,1,0,0,1,0,0,0,1,0,0,0,0,0,0,0,0,0,1,0,0
1.0,36,2862,1.0,4.0,4,0,3,30,1,2.0,1,0,1,0,0,0,0,0,0,1,0,1,0,1,0,0,0,0,0,1,0,0,1,0,0,0,0,0,0,0,0
3.0,9,2753,1.0,4.0,3,1,4,35,1,2.0,1,1,1,0,0,0,1,0,0,0,0,1,0,0,1,0,0,1,0,0,0,0,0,0,0,0,0,0,1,0,0
0.0,12,3651,3.0,2.0,1,0,3,31,1,2.0,2,0,1,0,0,0,0,1,0,0,0,1,0,0,1,0,0,1,0,0,0,0,1,0,0,0,0,0,0,0,0
0.0,15,975,0.0,2.0,2,0,3,25,2,2.0,1,0,1,0,0,1,0,1,0,0,0,1,0,0,1,0,0,0,1,0,0,0,0,0,0,0,1,0,0,0,0
1.0,15,2631,1.0,2.0,3,0,2,25,1,1.0,1,0,1,0,1,1,0,0,1,0,0,1,0,0,1,0,0,1,0,0,0,0,0,0,0,0,0,0,0,1,0
1.0,24,2896,1.0,1.0,2,0,1,29,1,2.0,1,0,1,0,0,0,1,0,0,0,0,1,0,0,1,0,0,1,0,0,0,0,0,0,0,0,0,0,1,0,0
0.0,6,4716,4.0,1.0,1,0,3,44,2,1.0,2,0,1,0,0,0,0,0,1,0,0,1,0,0,1,0,0,0,1,0,0,0,1,0,0,0,0,0,0,0,0
3.0,24,2284,0.0,3.0,4,0,2,28,1,2.0,1,1,1,0,0,0,1,0,0,0,0,1,0,0,1,0,0,1,0,0,0,0,0,0,0,0,0,0,1,0,0
3.0,6,1236,2.0,2.0,2,0,4,50,1,2.0,1,0,1,0,0,0,0,1,0,0,0,1,0,0,0,1,0,1,0,0,0,0,0,1,0,0,0,0,0,0,0
1.0,12,1103,0.0,3.0,4,1,3,29,2,2.0,1,0,0,0,0,0,0,0,1,0,0,1,0,0,1,0,0,1,0,0,0,0,0,0,0,0,0,0,1,0,0
3.0,12,926,0.0,0.0,1,0,2,38,1,0.0,1,0,1,0,1,1,0,1,0,0,0,1,0,0,1,0,0,0,1,0,0,0,1,0,0,0,0,0,0,0,0
3.0,18,1800,0.0,2.0,4,0,2,24,2,2.0,1,0,1,0,0,0,1,0,0,0,0,1,0,0,1,0,0,0,1,0,0,0,0,0,0,0,0,0,1,0,0
2.0,15,1905,0.0,4.0,4,0,4,40,1,3.0,1,1,1,0,0,0,1,0,0,0,0,1,0,0,0,1,0,1,0,0,0,0,0,0,0,1,0,0,0,0,0
3.0,12,1123,2.0,2.0,4,0,4,29,1,1.0,1,0,1,1,1,1,1,0,0,0,0,1,0,0,0,1,0,1,0,0,0,0,0,0,0,0,1,0,0,0,0
0.0,48,6331,0.0,4.0,4,0,4,46,2,2.0,1,1,1,1,0,0,0,0,0,1,0,1,0,1,0,0,0,0,1,0,0,0,0,1,0,0,0,0,0,0,0
2.0,24,1377,1.0,4.0,4,0,2,47,1,2.0,1,1,1,0,1,1,0,0,0,1,0,1,0,1,0,0,0,1,0,0,0,0,0,0,0,0,0,0,1,0,0
1.0,30,2503,1.0,4.0,4,0,2,41,2,2.0,1,0,1,0,0,0,0,1,0,0,0,0,1,0,1,0,0,0,0,1,0,1,0,0,0,0,0,0,0,0,0
1.0,27,2528,0.0,1.0,4,0,1,32,1,2.0,2,1,1,0,1,1,0,1,0,0,0,1,0,0,1,0,0,1,0,0,0,1,0,0,0,0,0,0,0,0,0
3.0,15,5324,2.0,4.0,1,0,4,35,1,2.0,1,0,1,0,1,1,0,0,0,1,0,1,0,1,0,0,0,1,0,0,0,0,1,0,0,0,0,0,0,0,0
1.0,48,6560,1.0,3.0,3,0,2,24,1,2.0,1,0,1,1,0,0,0,1,0,0,0,1,0,0,1,0,0,1,0,0,0,0,1,0,0,0,0,0,0,0,0
1.0,12,2969,0.0,1.0,4,0,3,25,2,2.0,1,0,1,1,1,1,0,1,0,0,0,1,0,0,0,1,0,0,0,0,1,0,0,0,0,0,1,0,0,0,0
1.0,9,1206,0.0,4.0,4,0,4,25,1,2.0,1,0,1,0,1,1,0,0,1,0,0,1,0,0,1,0,0,1,0,0,0,0,0,0,0,0,0,0,1,0,0
1.0,9,2118,0.0,2.0,2,0,2,37,1,1.0,2,0,1,0,0,0,0,0,1,0,0,1,0,0,1,0,0,1,0,0,0,0,0,0,0,0,0,0,1,0,0
3.0,18,629,2.0,4.0,4,0,3,32,2,3.0,1,1,1,0,0,0,0,1,0,0,1,0,0,0,1,0,0,0,1,0,0,0,0,0,0,0,0,0,1,0,0
0.0,6,1198,0.0,4.0,4,0,4,35,1,2.0,1,0,1,1,1,1,0,0,0,1,0,1,0,1,0,0,1,0,0,0,0,0,0,0,0,1,0,0,0,0,0
3.0,21,2476,4.0,4.0,4,0,4,46,1,3.0,1,1,1,0,0,0,0,0,1,0,0,1,0,0,1,0,0,1,0,0,0,0,0,1,0,0,0,0,0,0,0
0.0,9,1138,0.0,2.0,4,0,4,25,2,1.0,1,0,1,0,0,0,0,0,1,0,0,1,0,0,1,0,0,0,1,0,0,0,0,0,0,0,0,0,1,0,0
1.0,60,14027,0.0,3.0,4,0,2,27,1,3.0,1,1,1,1,0,0,0,0,0,1,0,1,0,0,1,0,0,1,0,0,0,0,1,0,0,0,0,0,0,0,0
3.0,30,7596,4.0,4.0,1,0,4,63,2,2.0,1,0,1,0,0,0,1,0,0,0,0,1,0,0,1,0,0,0,1,0,0,0,0,1,0,0,0,0,0,0,0
3.0,30,3077,4.0,4.0,3,0,2,40,2,2.0,2,1,1,0,0,0,1,0,0,0,0,1,0,0,1,0,0,0,1,0,0,0,0,0,0,0,0,0,1,0,0
3.0,18,1505,0.0,2.0,4,0,2,32,1,3.0,1,1,1,0,0,0,0,0,0,1,0,1,0,1,0,0,0,1,0,0,0,0,0,0,0,0,0,0,1,0,0
2.0,24,3148,4.0,2.0,3,0,2,31,2,2.0,1,1,1,0,0,0,1,0,0,0,0,1,0,0,1,0,0,0,1,0,0,0,0,0,0,0,0,0,1,0,0
1.0,20,6148,1.0,4.0,3,0,4,31,2,2.0,1,1,1,0,0,1,1,0,0,0,1,0,0,0,1,0,0,0,0,0,1,0,0,1,0,0,0,0,0,0,0
2.0,9,1337,0.0,1.0,4,0,2,34,2,3.0,1,1,1,1,0,0,1,0,0,0,0,1,0,0,1,0,0,0,0,0,1,0,0,0,0,0,0,0,1,0,0
1.0,6,433,3.0,1.0,4,0,2,24,1,2.0,2,0,1,1,1,1,0,1,0,0,1,0,0,0,0,1,1,0,0,0,0,0,0,0,0,1,0,0,0,0,0
0.0,12,1228,0.0,2.0,4,0,2,24,1,1.0,1,0,1,1,1,1,0,0,1,0,0,1,0,0,1,0,0,1,0,0,0,0,1,0,0,0,0,0,0,0,0
1.0,9,790,2.0,2.0,4,0,3,66,1,1.0,1,0,1,0,1,1,0,0,1,0,0,1,0,0,1,0,0,1,0,0,0,0,0,0,0,0,0,0,1,0,0
3.0,27,2570,0.0,2.0,3,0,3,21,1,2.0,1,0,1,1,1,1,0,0,1,0,0,1,0,0,0,1,0,1,0,0,0,0,1,0,0,0,0,0,0,0,0
3.0,6,250,3.0,2.0,2,0,2,41,2,1.0,1,0,1,0,1,1,0,0,1,0,1,0,0,0,1,0,0,0,1,0,0,0,1,0,0,0,0,0,0,0,0
3.0,15,1316,2.0,2.0,2,0,2,47,2,1.0,1,0,1,0,0,1,0,1,0,0,0,1,0,0,1,0,0,0,1,0,0,0,0,0,0,0,0,0,1,0,0
0.0,18,1882,0.0,2.0,4,0,4,25,2,2.0,1,0,1,1,1,1,1,0,0,0,1,0,0,0,0,1,0,1,0,0,0,0,0,0,0,0,0,0,1,0,0
1.0,48,6416,0.0,4.0,4,0,3,59,1,2.0,1,0,1,1,1,1,0,0,0,1,0,1,0,0,0,1,1,0,0,0,0,1,0,0,0,0,0,0,0,0,0
2.0,24,1275,3.0,2.0,2,0,4,36,2,2.0,1,1,1,0,0,1,0,0,1,0,0,1,0,0,1,0,0,0,1,0,0,1,0,0,0,0,0,0,0,0,0
1.0,24,6403,0.0,1.0,1,0,2,33,1,2.0,1,0,1,0,0,0,1,0,0,0,0,1,0,0,1,0,0,0,0,1,0,0,0,0,0,0,0,0,1,0,0
0.0,24,1987,0.0,2.0,2,0,4,21,1,1.0,2,0,1,1,0,0,0,0,1,0,0,1,0,0,0,1,0,1,0,0,0,0,0,0,0,0,0,0,1,0,0
1.0,8,760,0.0,3.0,4,1,2,44,1,1.0,1,0,1,0,1,1,0,0,1,0,0,1,0,0,1,0,0,1,0,0,0,0,0,0,0,0,0,0,1,0,0
3.0,24,2603,3.0,2.0,2,0,4,28,1,2.0,1,1,1,0,1,1,1,0,0,0,0,1,0,0,0,1,0,1,0,0,0,0,0,1,0,0,0,0,0,0,0
3.0,4,3380,0.0,3.0,1,0,1,37,1,2.0,2,0,1,0,1,1,0,0,1,0,0,1,0,0,1,0,0,0,1,0,0,0,1,0,0,0,0,0,0,0,0
1.0,36,3990,4.0,1.0,3,0,2,29,1,0.0,1,0,1,0,1,1,0,0,0,1,1,0,0,0,1,0,1,0,0,0,0,0,0,0,1,0,0,0,0,0,0
1.0,24,11560,0.0,2.0,1,0,4,23,2,3.0,1,0,1,1,1,1,1,0,0,0,0,1,0,0,0,1,0,1,0,0,0,0,0,1,0,0,0,0,0,0,0
0.0,18,4380,1.0,2.0,3,0,4,35,1,1.0,2,1,1,0,0,0,1,0,0,0,0,1,0,0,1,0,0,1,0,0,0,0,1,0,0,0,0,0,0,0,0
3.0,6,6761,0.0,3.0,1,0,3,45,2,3.0,2,1,1,0,0,0,0,0,0,1,0,1,0,0,1,0,0,0,1,0,0,0,1,0,0,0,0,0,0,0,0
1.0,30,4280,1.0,2.0,4,0,4,26,2,1.0,1,0,1,1,1,1,1,0,0,0,0,1,0,0,0,1,0,0,0,0,1,1,0,0,0,0,0,0,0,0,0
0.0,24,2325,1.0,3.0,2,0,3,32,1,2.0,1,0,1,0,0,0,1,0,0,0,1,0,0,0,1,0,1,0,0,0,0,0,1,0,0,0,0,0,0,0,0
1.0,10,1048,0.0,2.0,4,0,4,23,1,1.0,1,0,1,0,0,0,0,0,1,0,0,0,1,0,1,0,1,0,0,0,0,0,0,0,0,0,0,0,1,0,0
3.0,21,3160,4.0,4.0,4,0,3,41,1,2.0,1,1,1,0,0,0,0,1,0,0,0,1,0,0,1,0,0,1,0,0,0,0,0,0,0,0,0,0,1,0,0
0.0,24,2483,2.0,2.0,4,0,4,22,1,2.0,1,1,1,0,0,0,0,0,1,0,0,0,1,0,1,0,1,0,0,0,0,0,0,0,0,0,1,0,0,0,0
0.0,39,14179,4.0,3.0,4,0,4,30,2,3.0,1,1,1,0,0,0,0,1,0,0,0,1,0,0,1,0,0,0,1,0,0,0,0,0,0,0,1,0,0,0,0
0.0,13,1797,0.0,1.0,3,0,1,28,2,1.0,1,0,1,0,0,0,0,1,0,0,1,0,0,0,1,0,0,0,1,0,0,1,0,0,0,0,0,0,0,0,0
0.0,15,2511,0.0,0.0,1,0,4,23,1,2.0,1,0,1,0,1,1,1,0,0,0,0,1,0,0,0,1,0,1,0,0,0,0,1,0,0,0,0,0,0,0,0
0.0,12,1274,0.0,1.0,3,0,1,37,1,1.0,1,0,1,1,1,1,0,0,1,0,0,1,0,0,1,0,0,1,0,0,0,0,1,0,0,0,0,0,0,0,0
3.0,21,5248,4.0,2.0,1,0,3,26,1,2.0,1,0,1,0,0,0,1,0,0,0,0,1,0,0,1,0,0,1,0,0,0,0,0,1,0,0,0,0,0,0,0
3.0,15,3029,0.0,3.0,2,0,2,33,1,2.0,1,0,1,0,0,0,1,0,0,0,0,1,0,0,1,0,0,1,0,0,0,0,0,1,0,0,0,0,0,0,0
0.0,6,428,0.0,4.0,2,0,1,49,1,2.0,1,1,1,0,1,1,0,1,0,0,1,0,0,0,1,0,0,1,0,0,0,0,0,0,0,0,1,0,0,0,0
0.0,18,976,0.0,1.0,1,0,2,23,1,1.0,1,0,1,1,1,1,1,0,0,0,0,1,0,0,1,0,0,1,0,0,0,0,1,0,0,0,0,0,0,0,0
1.0,12,841,1.0,3.0,2,0,4,23,1,1.0,1,0,1,0,1,1,0,0,1,0,0,1,0,0,0,1,0,1,0,0,0,1,0,0,0,0,0,0,0,0,0
3.0,30,5771,0.0,3.0,4,0,2,25,2,2.0,1,0,1,0,1,1,1,0,0,0,0,1,0,0,1,0,0,0,1,0,0,0,0,0,0,0,0,0,1,0,0
3.0,12,1555,3.0,4.0,4,0,4,55,2,2.0,2,0,1,1,0,0,0,0,0,1,0,1,0,1,0,0,0,0,0,1,0,0,0,0,0,0,0,0,0,1,0
0.0,24,1285,4.0,3.0,4,0,4,32,1,2.0,1,0,1,1,1,1,0,0,0,1,0,1,0,0,0,1,0,1,0,0,0,0,1,0,0,0,0,0,0,0,0
2.0,6,1299,0.0,2.0,1,0,1,74,3,0.0,2,0,0,0,0,0,0,0,1,0,0,1,0,0,1,0,0,0,1,0,0,0,1,0,0,0,0,0,0,0,0
2.0,15,1271,4.0,2.0,3,0,4,39,2,2.0,1,1,1,1,0,0,0,0,0,1,0,1,0,1,0,0,0,0,1,0,0,0,0,0,0,0,0,0,1,0,0
3.0,24,1393,0.0,2.0,2,1,2,31,1,2.0,1,1,1,0,0,0,0,0,1,0,0,1,0,0,1,0,0,1,0,0,0,0,1,0,0,0,0,0,0,0,0
0.0,12,691,0.0,4.0,4,0,3,35,2,2.0,1,0,1,1,0,0,0,1,0,0,0,1,0,0,1,0,0,0,1,0,0,0,1,0,0,0,0,0,0,0,0
3.0,15,5045,4.0,4.0,1,0,4,59,1,2.0,1,1,1,0,1,1,1,0,0,0,0,1,0,0,1,0,0,0,1,0,0,0,1,0,0,0,0,0,0,0,0
0.0,18,2124,0.0,2.0,4,0,4,24,2,2.0,1,0,1,1,1,1,0,0,1,0,0,1,0,0,0,1,0,0,1,0,0,0,0,0,0,0,1,0,0,0,0
0.0,12,2214,0.0,2.0,4,0,3,24,1,1.0,1,0,1,0,0,0,0,1,0,0,0,1,0,0,1,0,0,1,0,0,0,0,0,0,0,0,0,0,1,0,0
3.0,21,12680,4.0,4.0,4,0,4,30,1,3.0,1,1,1,1,0,0,0,0,0,1,0,1,0,1,0,0,0,0,1,0,0,0,1,0,0,0,0,0,0,0,0
3.0,24,2463,1.0,3.0,4,0,3,27,2,2.0,1,1,1,0,0,1,0,1,0,0,0,1,0,0,1,0,0,0,1,0,0,0,1,0,0,0,0,0,0,0,0
1.0,12,1155,0.0,4.0,3,1,3,40,2,1.0,1,0,1,0,0,1,0,0,1,0,1,0,0,0,1,0,0,1,0,0,0,0,0,0,0,0,0,0,1,0,0
0.0,30,3108,0.0,1.0,2,0,4,31,1,1.0,1,0,1,1,0,1,0,1,0,0,0,1,0,0,1,0,0,1,0,0,0,0,0,0,0,0,1,0,0,0,0
3.0,10,2901,4.0,1.0,1,0,4,31,1,2.0,1,0,1,0,1,1,0,0,1,0,0,1,0,0,0,1,0,1,0,0,0,0,0,1,0,0,0,0,0,0,0
1.0,12,3617,0.0,4.0,1,0,4,28,3,2.0,1,1,1,0,0,0,1,0,0,0,0,1,0,0,0,1,0,0,1,0,0,0,0,0,0,0,1,0,0,0,0
3.0,12,1655,0.0,4.0,2,0,4,63,2,1.0,1,1,1,0,0,0,0,0,1,0,0,1,0,0,1,0,0,0,1,0,0,0,0,0,0,0,0,0,1,0,0
0.0,24,2812,4.0,4.0,2,0,4,26,1,2.0,1,0,1,0,1,1,0,0,1,0,0,1,0,0,0,1,0,1,0,0,0,0,0,1,0,0,0,0,0,0,0
0.0,36,8065,0.0,2.0,3,0,2,25,2,3.0,1,1,1,1,1,1,0,0,0,1,0,1,0,0,1,0,0,0,1,0,0,0,0,0,0,1,0,0,0,0,0
3.0,21,3275,0.0,4.0,1,0,4,36,1,3.0,1,1,1,0,0,0,1,0,0,0,0,1,0,0,1,0,0,0,1,0,0,0,0,1,0,0,0,0,0,0,0
3.0,24,2223,1.0,4.0,4,0,4,52,2,2.0,1,0,1,0,0,0,0,1,0,0,1,0,0,0,1,0,0,0,1,0,0,0,0,0,0,0,0,0,1,0,0
2.0,12,1480,2.0,0.0,2,0,4,66,3,0.0,1,0,1,0,0,0,0,0,0,1,1,0,0,1,0,0,0,0,1,0,0,0,1,0,0,0,0,0,0,0,0
0.0,24,1371,4.0,2.0,4,0,4,25,1,2.0,1,0,1,1,1,1,0,0,1,0,0,1,0,0,0,1,0,1,0,0,0,0,1,0,0,0,0,0,0,0,0
3.0,36,3535,0.0,3.0,4,0,4,37,2,2.0,1,1,1,0,0,0,1,0,0,0,0,1,0,0,1,0,0,0,1,0,0,0,1,0,0,0,0,0,0,0,0
0.0,18,3509,0.0,3.0,4,1,1,25,1,2.0,1,0,1,0,1,1,0,0,1,0,0,1,0,0,1,0,0,1,0,0,0,0,0,0,0,0,0,0,1,0,0
3.0,36,5711,3.0,4.0,4,0,2,38,2,3.0,1,1,1,0,0,0,1,0,0,0,0,1,0,0,1,0,0,0,1,0,0,0,0,1,0,0,0,0,0,0,0
1.0,18,3872,0.0,0.0,2,0,4,67,1,2.0,1,1,1,0,1,1,1,0,0,0,0,1,0,0,1,0,0,1,0,0,0,0,0,0,0,0,0,0,0,1,0
1.0,39,4933,0.0,3.0,2,1,2,25,2,2.0,1,0,1,1,0,0,0,0,1,0,0,1,0,0,1,0,0,0,1,0,0,0,0,0,0,0,0,0,1,0,0
3.0,24,1940,3.0,4.0,4,0,4,60,1,2.0,1,1,1,0,0,0,0,0,1,0,0,1,0,0,1,0,0,0,1,0,0,0,1,0,0,0,0,0,0,0,0
1.0,12,1410,0.0,2.0,2,0,2,31,1,1.0,1,1,1,0,0,0,0,0,1,0,0,1,0,0,1,0,0,0,0,0,1,0,0,0,0,0,0,0,0,0,1
1.0,12,836,1.0,1.0,4,0,2,23,1,1.0,1,0,1,1,1,1,0,1,0,0,1,0,0,0,1,0,0,1,0,0,0,0,1,0,0,0,0,0,0,0,0
1.0,20,6468,4.0,0.0,1,0,4,60,1,3.0,1,1,1,0,0,1,0,0,1,0,0,1,0,0,1,0,0,1,0,0,0,0,0,1,0,0,0,0,0,0,0
1.0,18,1941,3.0,2.0,4,0,2,35,1,1.0,1,1,1,0,0,0,0,1,0,0,0,1,0,0,1,0,0,1,0,0,0,1,0,0,0,0,0,0,0,0,0
3.0,22,2675,2.0,4.0,3,0,4,40,1,2.0,1,0,1,0,0,0,1,0,0,0,0,1,0,0,1,0,0,1,0,0,0,0,0,0,0,0,0,0,1,0,0
3.0,48,2751,4.0,4.0,4,0,3,38,2,2.0,2,1,1,0,0,0,1,0,0,0,0,1,0,0,1,0,0,0,1,0,0,0,0,1,0,0,0,0,0,0,0
1.0,48,6224,0.0,4.0,4,0,4,50,1,2.0,1,0,1,1,0,0,0,0,0,1,0,1,0,1,0,0,0,0,0,1,0,0,0,0,0,1,0,0,0,0,0
0.0,40,5998,0.0,2.0,4,0,3,27,1,2.0,1,1,1,1,0,0,0,0,0,1,1,0,0,0,1,0,0,0,1,0,0,0,0,0,0,1,0,0,0,0,0
1.0,21,1188,0.0,4.0,2,0,4,39,1,2.0,2,0,1,1,1,1,0,1,0,0,0,1,0,0,1,0,0,1,0,0,0,1,0,0,0,0,0,0,0,0,0
3.0,24,6313,4.0,4.0,3,0,4,41,1,3.0,2,1,1,0,0,0,1,0,0,0,0,1,0,0,1,0,0,1,0,0,0,0,0,1,0,0,0,0,0,0,0
3.0,6,1221,4.0,2.0,1,0,2,27,2,2.0,1,0,1,0,0,1,0,1,0,0,0,1,0,0,1,0,0,0,1,0,0,0,0,0,0,0,1,0,0,0,0
2.0,24,2892,0.0,4.0,3,0,4,51,1,2.0,1,0,1,0,0,1,0,0,0,1,0,1,0,1,0,0,0,1,0,0,0,0,0,0,0,0,1,0,0,0,0
3.0,24,3062,2.0,4.0,4,0,3,32,1,2.0,1,1,1,0,0,0,0,0,0,1,0,1,0,0,0,1,0,1,0,0,0,0,0,0,0,0,1,0,0,0,0
3.0,9,2301,1.0,1.0,2,0,4,22,1,2.0,1,0,1,0,1,1,0,1,0,0,0,1,0,0,0,1,0,1,0,0,0,0,0,0,0,0,1,0,0,0,0
0.0,18,7511,4.0,4.0,1,0,4,51,1,2.0,2,1,1,1,0,0,0,1,0,0,0,1,0,1,0,0,0,1,0,0,0,0,0,1,0,0,0,0,0,0,0
3.0,12,1258,0.0,1.0,2,0,4,22,2,1.0,1,0,1,0,1,1,0,1,0,0,0,1,0,0,0,1,0,0,1,0,0,0,0,0,0,0,1,0,0,0,0
3.0,24,717,4.0,4.0,4,0,4,54,2,2.0,1,1,1,0,0,1,1,0,0,0,0,1,0,0,1,0,0,0,0,1,0,0,1,0,0,0,0,0,0,0,0
1.0,9,1549,4.0,1.0,4,0,2,35,1,0.0,1,0,1,0,0,0,0,0,1,0,0,1,0,0,1,0,0,1,0,0,0,0,1,0,0,0,0,0,0,0,0
3.0,24,1597,0.0,4.0,4,0,4,54,2,2.0,2,0,1,0,0,0,0,0,0,1,0,1,0,1,0,0,0,0,1,0,0,0,0,0,0,1,0,0,0,0,0
1.0,18,1795,0.0,4.0,3,1,4,48,2,1.0,1,1,1,0,1,1,0,0,1,0,1,0,0,0,0,1,0,0,1,0,0,0,0,0,0,0,0,0,1,0,0
0.0,20,4272,0.0,4.0,1,0,4,24,2,2.0,1,0,1,0,1,1,0,1,0,0,0,1,0,0,1,0,0,0,1,0,0,0,0,0,0,0,1,0,0,0,0
3.0,12,976,4.0,4.0,4,0,4,35,2,2.0,1,0,1,0,0,0,1,0,0,0,0,1,0,0,1,0,0,0,1,0,0,0,0,0,0,0,0,0,1,0,0
1.0,12,7472,4.0,0.0,1,0,2,24,1,0.0,1,0,1,0,1,1,0,0,1,0,0,1,0,0,0,1,0,1,0,0,0,0,1,0,0,0,0,0,0,0,0
0.0,36,9271,0.0,3.0,2,0,1,24,1,2.0,1,1,1,1,0,0,1,0,0,0,0,1,0,0,1,0,0,1,0,0,0,0,1,0,0,0,0,0,0,0,0
1.0,6,590,0.0,1.0,3,0,3,26,1,1.0,1,0,0,0,0,1,0,0,1,0,0,1,0,0,1,0,0,1,0,0,0,0,0,0,0,0,0,0,1,0,0
3.0,12,930,4.0,4.0,4,0,4,65,4,2.0,1,0,1,0,0,0,0,0,1,0,0,1,0,0,1,0,0,0,1,0,0,0,0,0,0,0,0,0,1,0,0
1.0,42,9283,0.0,0.0,1,0,2,55,1,3.0,1,1,1,0,0,0,0,0,0,1,1,0,0,1,0,0,1,0,0,0,0,0,0,1,0,0,0,0,0,0,0
1.0,15,1778,0.0,1.0,2,0,1,26,2,0.0,1,0,1,1,1,1,0,0,1,0,0,1,0,0,0,1,0,0,0,0,1,0,1,0,0,0,0,0,0,0,0
1.0,8,907,0.0,1.0,3,0,2,26,1,2.0,1,1,1,0,0,1,0,0,1,0,0,1,0,0,1,0,0,1,0,0,0,1,0,0,0,0,0,0,0,0,0
1.0,6,484,0.0,3.0,3,1,3,28,1,1.0,1,0,1,0,0,1,0,0,1,0,1,0,0,0,1,0,0,1,0,0,0,0,0,0,0,0,0,0,1,0,0
0.0,36,9629,0.0,3.0,4,0,4,24,2,2.0,1,1,1,1,0,0,1,0,0,0,0,1,0,0,1,0,0,0,1,0,0,0,0,1,0,0,0,0,0,0,0
0.0,48,3051,0.0,2.0,3,0,4,54,1,2.0,1,0,1,1,0,0,1,0,0,0,0,1,0,0,1,0,0,1,0,0,0,0,0,0,1,0,0,0,0,0,0
0.0,48,3931,0.0,3.0,4,0,4,46,1,2.0,2,0,1,1,0,0,0,0,0,1,0,1,0,1,0,0,0,1,0,0,0,0,1,0,0,0,0,0,0,0,0
1.0,36,7432,0.0,2.0,2,0,2,54,1,2.0,1,0,1,0,1,1,0,1,0,0,0,1,0,0,0,1,0,0,0,1,0,0,1,0,0,0,0,0,0,0,0
3.0,6,1338,2.0,2.0,1,0,4,62,1,2.0,1,0,1,0,0,1,0,0,1,0,0,1,0,0,1,0,0,1,0,0,0,0,0,0,1,0,0,0,0,0,0
3.0,6,1554,0.0,3.0,1,0,2,24,2,2.0,1,1,1,0,1,1,1,0,0,0,0,1,0,0,0,1,0,0,1,0,0,0,0,0,0,0,0,0,1,0,0
0.0,36,15857,0.0,0.0,2,1,3,43,1,3.0,1,0,1,0,0,1,1,0,0,0,0,1,0,0,1,0,0,1,0,0,0,0,0,0,0,0,0,1,0,0,0
0.0,18,1345,0.0,2.0,4,0,3,26,1,2.0,1,0,1,1,0,1,0,0,1,0,1,0,0,0,1,0,0,1,0,0,0,0,0,0,0,0,0,0,1,0,0
3.0,12,1101,0.0,2.0,3,0,2,27,2,2.0,1,1,1,0,0,1,0,0,1,0,0,1,0,0,1,0,0,1,0,0,0,0,1,0,0,0,0,0,0,0,0
2.0,12,3016,0.0,2.0,3,0,1,24,1,2.0,1,0,1,0,0,1,1,0,0,0,0,1,0,0,1,0,0,1,0,0,0,0,0,0,0,0,0,0,1,0,0
0.0,36,2712,0.0,4.0,2,0,2,41,1,2.0,2,0,1,1,0,0,0,1,0,0,1,0,0,0,1,0,0,1,0,0,0,0,0,0,0,0,1,0,0,0,0
0.0,8,731,0.0,4.0,4,0,4,47,2,1.0,1,0,1,0,0,0,0,0,1,0,0,1,0,0,1,0,0,0,1,0,0,0,1,0,0,0,0,0,0,0,0
3.0,18,3780,0.0,1.0,3,0,2,35,2,3.0,1,1,1,0,0,1,1,0,0,0,0,1,0,0,1,0,0,0,1,0,0,0,0,0,0,0,1,0,0,0,0
0.0,21,1602,0.0,4.0,4,0,3,30,2,2.0,1,1,1,0,0,1,1,0,0,0,0,1,0,0,1,0,0,0,1,0,0,0,1,0,0,0,0,0,0,0,0
0.0,18,3966,0.0,4.0,1,0,4,33,3,2.0,1,1,1,1,1,1,0,0,1,0,1,0,0,0,0,1,0,0,1,0,0,0,1,0,0,0,0,0,0,0,0
3.0,18,4165,0.0,2.0,2,0,2,36,2,2.0,2,0,1,1,0,0,1,0,0,0,0,0,1,0,1,0,0,0,0,0,1,1,0,0,0,0,0,0,0,0,0
0.0,36,8335,4.0,4.0,3,0,4,47,1,2.0,1,0,1,1,0,0,0,0,0,1,0,1,0,1,0,0,0,1,0,0,0,0,0,1,0,0,0,0,0,0,0
1.0,48,6681,4.0,2.0,4,0,4,38,1,2.0,2,1,1,0,0,0,0,0,0,1,0,1,0,1,0,0,0,0,0,1,0,1,0,0,0,0,0,0,0,0,0
3.0,24,2375,2.0,2.0,4,0,2,44,2,2.0,2,1,1,0,0,0,1,0,0,0,0,1,0,0,1,0,0,0,0,1,0,1,0,0,0,0,0,0,0,0,0
0.0,18,1216,0.0,1.0,4,0,3,23,1,2.0,1,1,1,1,1,1,1,0,0,0,0,1,0,0,0,1,0,1,0,0,0,0,1,0,0,0,0,0,0,0,0
0.0,45,11816,0.0,4.0,2,0,4,29,2,2.0,1,0,1,1,0,0,1,0,0,0,0,1,0,0,0,1,0,0,0,0,1,1,0,0,0,0,0,0,0,0,0
1.0,24,5084,4.0,4.0,2,0,4,42,1,2.0,1,1,1,0,1,1,1,0,0,0,0,1,0,0,1,0,0,1,0,0,0,0,0,0,0,0,0,0,1,0,0
2.0,15,2327,0.0,1.0,2,0,3,25,1,1.0,1,0,1,1,1,1,0,0,1,0,0,1,0,0,1,0,0,1,0,0,0,0,0,0,0,0,0,0,1,0,0
0.0,12,1082,0.0,2.0,4,0,4,48,2,2.0,1,0,1,1,0,0,1,0,0,0,1,0,0,0,1,0,0,0,0,0,1,0,1,0,0,0,0,0,0,0,0
3.0,12,886,4.0,2.0,4,0,2,21,1,2.0,1,0,1,0,1,1,1,0,0,0,0,1,0,0,1,0,0,1,0,0,0,0,0,0,0,0,0,0,1,0,0
3.0,4,601,0.0,1.0,1,0,3,23,1,1.0,2,0,1,0,1,1,0,0,1,0,0,1,0,0,0,1,0,1,0,0,0,0,0,0,0,0,1,0,0,0,0
0.0,24,2957,0.0,4.0,4,0,4,63,2,2.0,1,1,1,0,0,0,0,1,0,0,0,1,0,0,1,0,0,0,1,0,0,0,0,1,0,0,0,0,0,0,0
3.0,24,2611,0.0,4.0,4,1,3,46,2,2.0,1,0,1,0,0,1,0,0,1,0,0,1,0,0,1,0,0,0,1,0,0,0,0,0,0,0,0,0,1,0,0
0.0,36,5179,0.0,3.0,4,0,2,29,1,2.0,1,0,1,1,0,0,0,1,0,0,0,1,0,0,1,0,0,1,0,0,0,0,0,0,0,0,1,0,0,0,0
3.0,21,2993,0.0,2.0,3,0,2,28,2,1.0,1,0,1,0,0,0,0,0,1,0,0,0,1,0,1,0,0,0,0,1,0,0,0,1,0,0,0,0,0,0,0
3.0,18,1943,0.0,1.0,4,0,4,23,1,2.0,1,0,1,1,1,1,0,0,1,0,0,1,0,0,1,0,0,1,0,0,0,0,0,0,0,0,0,0,0,1,0
3.0,24,1559,0.0,3.0,4,0,4,50,1,2.0,1,1,1,0,0,0,1,0,0,0,1,0,0,0,1,0,1,0,0,0,0,1,0,0,0,0,0,0,0,0,0
3.0,18,3422,0.0,4.0,4,0,4,47,3,2.0,2,1,1,0,0,0,0,1,0,0,1,0,0,0,1,0,0,1,0,0,0,0,0,0,0,0,1,0,0,0,0
1.0,21,3976,4.0,3.0,2,0,3,35,1,2.0,1,1,1,0,0,0,1,0,0,0,0,1,0,0,1,0,0,1,0,0,0,0,0,0,0,0,1,0,0,0,0
3.0,18,6761,4.0,2.0,2,0,4,68,2,2.0,1,0,1,1,0,0,1,0,0,0,0,1,0,0,0,1,0,1,0,0,0,0,1,0,0,0,0,0,0,0,0
3.0,24,1249,0.0,1.0,4,0,2,28,1,2.0,1,0,1,0,0,1,0,0,1,0,0,1,0,0,1,0,0,1,0,0,0,0,1,0,0,0,0,0,0,0,0
0.0,9,1364,0.0,3.0,3,0,4,59,1,2.0,1,0,1,0,0,0,0,0,1,0,0,1,0,0,1,0,0,1,0,0,0,0,0,0,0,0,0,0,1,0,0
0.0,12,709,0.0,4.0,4,0,4,57,1,1.0,1,0,1,1,0,0,0,0,1,0,0,0,1,0,1,0,0,1,0,0,0,0,0,0,0,0,0,0,1,0,0
0.0,20,2235,0.0,2.0,4,1,2,33,2,2.0,1,0,0,1,0,1,0,1,0,0,1,0,0,0,0,1,0,0,1,0,0,0,1,0,0,0,0,0,0,0,0
3.0,24,4042,4.0,3.0,3,0,4,43,2,2.0,1,1,1,0,0,0,0,1,0,0,0,1,0,0,1,0,0,0,1,0,0,0,0,1,0,0,0,0,0,0,0
3.0,15,1471,0.0,2.0,4,0,4,35,2,2.0,1,1,1,0,0,0,0,0,0,1,0,1,0,1,0,0,0,0,1,0,0,0,0,0,0,0,0,0,1,0,0
0.0,18,1442,0.0,3.0,4,0,4,32,2,1.0,2,0,1,1,0,0,0,0,0,1,0,1,0,1,0,0,1,0,0,0,0,0,1,0,0,0,0,0,0,0,0
3.0,36,10875,0.0,4.0,2,0,2,45,2,2.0,2,1,1,0,0,0,1,0,0,0,0,1,0,0,1,0,0,0,0,1,0,0,1,0,0,0,0,0,0,0,0
3.0,24,1474,1.0,1.0,4,0,3,33,1,2.0,1,1,1,0,0,1,0,0,1,0,0,1,0,0,1,0,0,1,0,0,0,0,1,0,0,0,0,0,0,0,0
3.0,10,894,4.0,3.0,4,0,3,40,1,2.0,1,1,1,0,1,1,0,1,0,0,0,1,0,0,1,0,0,1,0,0,0,0,0,0,0,0,0,0,0,0,1
3.0,15,3343,0.0,2.0,4,0,2,28,1,2.0,1,1,1,0,0,0,0,0,0,1,0,1,0,1,0,0,0,0,1,0,0,0,0,0,0,0,1,0,0,0,0
0.0,15,3959,0.0,2.0,3,0,2,29,1,2.0,1,1,1,1,1,1,0,1,0,0,0,1,0,0,1,0,0,1,0,0,0,0,1,0,0,0,0,0,0,0,0
3.0,9,3577,1.0,2.0,1,1,2,26,1,2.0,2,0,0,0,0,0,0,0,1,0,0,1,0,0,0,1,0,1,0,0,0,0,1,0,0,0,0,0,0,0,0
3.0,24,5804,3.0,2.0,4,0,2,27,2,2.0,1,0,1,0,0,0,0,0,1,0,0,1,0,0,1,0,0,0,1,0,0,0,0,1,0,0,0,0,0,0,0
3.0,18,2169,0.0,2.0,4,0,2,28,1,2.0,1,1,1,1,0,1,1,0,0,0,0,1,0,0,1,0,0,0,0,1,0,1,0,0,0,0,0,0,0,0,0
0.0,24,2439,0.0,1.0,4,0,4,35,1,2.0,1,1,1,1,1,1,0,0,1,0,0,1,0,0,1,0,0,1,0,0,0,0,0,0,0,0,0,0,1,0,0
3.0,27,4526,3.0,1.0,4,0,2,32,2,1.0,2,1,1,0,0,0,0,0,1,0,0,0,1,0,1,0,0,0,1,0,0,0,0,0,0,0,1,0,0,0,0
3.0,10,2210,0.0,2.0,2,0,2,25,1,1.0,1,0,1,1,0,0,0,0,1,0,1,0,0,0,0,1,0,1,0,0,0,0,0,0,0,0,1,0,0,0,0
3.0,15,2221,2.0,2.0,2,0,4,20,1,2.0,1,0,1,0,1,1,1,0,0,0,0,1,0,0,0,1,0,1,0,0,0,0,0,0,0,0,1,0,0,0,0
0.0,18,2389,0.0,1.0,4,0,1,27,1,2.0,1,0,1,0,1,1,1,0,0,0,0,0,1,0,1,0,0,1,0,0,0,0,0,0,0,0,0,0,1,0,0
3.0,12,3331,0.0,4.0,2,0,4,42,1,2.0,1,0,1,0,0,0,0,1,0,0,0,0,1,0,1,0,0,0,1,0,0,0,0,0,0,0,1,0,0,0,0
3.0,36,7409,4.0,4.0,3,0,2,37,2,2.0,1,0,1,0,0,0,0,1,0,0,0,1,0,0,1,0,0,1,0,0,0,1,0,0,0,0,0,0,0,0,0
0.0,12,652,0.0,4.0,4,0,4,24,1,2.0,1,0,1,0,1,1,0,1,0,0,0,1,0,0,0,1,0,1,0,0,0,0,0,0,0,0,1,0,0,0,0
3.0,36,7678,2.0,3.0,2,0,4,40,2,2.0,1,1,1,0,1,1,1,0,0,0,0,1,0,0,1,0,0,0,0,1,0,0,0,0,0,0,1,0,0,0,0
2.0,6,1343,0.0,4.0,1,0,4,46,2,2.0,2,0,0,0,0,0,0,0,1,0,0,1,0,0,1,0,0,0,1,0,0,0,1,0,0,0,0,0,0,0,0
0.0,24,1382,1.0,3.0,4,0,1,26,2,2.0,1,1,1,0,0,0,0,0,1,0,0,1,0,0,1,0,0,0,1,0,0,1,0,0,0,0,0,0,0,0,0
3.0,15,874,4.0,1.0,4,0,1,24,1,2.0,1,0,1,0,1,1,0,0,1,0,0,1,0,0,1,0,0,1,0,0,0,0,0,0,1,0,0,0,0,0,0
0.0,12,3590,0.0,2.0,2,1,2,29,1,1.0,2,0,1,0,0,0,0,1,0,0,0,1,0,0,1,0,0,1,0,0,0,0,0,0,0,0,1,0,0,0,0
1.0,11,1322,3.0,2.0,4,0,4,40,2,2.0,1,0,1,0,1,1,1,0,0,0,0,1,0,0,1,0,0,0,1,0,0,0,1,0,0,0,0,0,0,0,0
0.0,18,1940,0.0,1.0,3,1,4,36,1,3.0,1,1,1,0,0,0,0,0,0,1,1,0,0,1,0,0,1,0,0,0,0,0,0,0,0,0,0,0,1,0,0
3.0,36,3595,0.0,4.0,4,0,2,28,1,2.0,1,0,1,0,0,0,1,0,0,0,0,1,0,0,1,0,0,1,0,0,0,0,0,0,0,0,0,0,1,0,0
0.0,9,1422,0.0,1.0,3,0,2,27,1,3.0,1,1,1,1,0,0,0,0,0,1,0,1,0,1,0,0,0,1,0,0,0,0,1,0,0,0,0,0,0,0,0
3.0,30,6742,4.0,3.0,2,0,3,36,2,2.0,1,0,1,0,0,0,0,1,0,0,0,1,0,0,1,0,0,0,1,0,0,0,0,0,0,0,0,0,1,0,0
3.0,24,7814,0.0,3.0,3,0,3,38,1,3.0,1,1,1,0,0,0,1,0,0,0,0,1,0,0,1,0,0,1,0,0,0,0,0,1,0,0,0,0,0,0,0
3.0,24,9277,4.0,2.0,2,0,4,48,1,2.0,1,1,1,0,0,1,0,0,0,1,0,1,0,1,0,0,0,1,0,0,0,0,0,1,0,0,0,0,0,0,0
1.0,30,2181,4.0,4.0,4,0,4,36,2,2.0,1,0,1,0,0,0,0,0,1,0,0,1,0,0,1,0,0,0,1,0,0,0,1,0,0,0,0,0,0,0,0
3.0,18,1098,0.0,0.0,4,0,4,65,2,0.0,1,0,1,0,1,1,1,0,0,0,0,1,0,0,1,0,0,0,1,0,0,0,0,0,0,0,0,0,1,0,0
1.0,24,4057,0.0,3.0,3,0,3,43,1,2.0,1,1,1,1,0,1,1,0,0,0,0,1,0,0,1,0,0,1,0,0,0,0,0,0,0,0,1,0,0,0,0
0.0,12,795,0.0,1.0,4,0,4,53,1,2.0,1,0,1,1,1,1,0,1,0,0,0,1,0,0,1,0,0,1,0,0,0,0,0,0,0,1,0,0,0,0,0
1.0,24,2825,4.0,3.0,4,0,3,34,2,2.0,2,1,1,0,0,0,0,0,0,1,0,1,0,0,1,0,0,0,1,0,0,1,0,0,0,0,0,0,0,0,0
1.0,48,15672,0.0,2.0,2,0,2,23,1,2.0,1,1,1,1,0,0,1,0,0,0,0,1,0,0,1,0,0,1,0,0,0,1,0,0,0,0,0,0,0,0,0
3.0,36,6614,0.0,4.0,4,0,4,34,2,3.0,1,1,1,0,0,0,1,0,0,0,0,1,0,0,1,0,0,0,1,0,0,0,1,0,0,0,0,0,0,0,0
3.0,28,7824,4.0,1.0,3,1,4,40,2,2.0,2,1,1,0,0,0,0,0,1,0,1,0,0,0,0,1,1,0,0,0,0,0,0,1,0,0,0,0,0,0,0
0.0,27,2442,0.0,4.0,4,0,4,43,4,3.0,2,1,1,0,0,0,1,0,0,0,0,0,1,0,1,0,0,0,1,0,0,1,0,0,0,0,0,0,0,0,0
3.0,15,1829,0.0,4.0,4,0,4,46,2,2.0,1,1,1,0,0,0,1,0,0,0,0,1,0,0,1,0,0,0,1,0,0,0,0,0,0,0,0,0,1,0,0
0.0,12,2171,0.0,2.0,4,0,4,38,2,1.0,1,0,0,0,0,0,0,1,0,0,1,0,0,0,1,0,0,0,1,0,0,0,1,0,0,0,0,0,0,0,0
1.0,36,5800,0.0,2.0,3,0,4,34,2,2.0,1,1,1,0,0,0,1,0,0,0,0,1,0,0,1,0,0,0,1,0,0,0,0,1,0,0,0,0,0,0,0
3.0,18,1169,4.0,2.0,4,0,3,29,2,2.0,1,1,1,0,0,0,0,1,0,0,0,1,0,0,1,0,0,0,1,0,0,0,0,0,0,0,0,0,1,0,0
3.0,36,8947,4.0,3.0,3,0,2,31,1,3.0,2,1,1,0,0,0,1,0,0,0,0,0,1,0,1,0,0,0,0,1,0,0,0,1,0,0,0,0,0,0,0
0.0,21,2606,0.0,1.0,4,0,4,28,1,3.0,1,1,1,0,1,1,0,1,0,0,0,1,0,0,0,1,0,1,0,0,0,0,0,0,0,0,0,0,1,0,0
3.0,12,1592,3.0,3.0,3,0,2,35,1,2.0,1,0,0,0,1,1,0,1,0,0,0,1,0,0,1,0,0,0,1,0,0,0,0,0,0,0,1,0,0,0,0
3.0,15,2186,4.0,3.0,1,0,4,33,1,1.0,1,0,1,0,1,1,0,0,1,0,1,0,0,0,0,1,0,1,0,0,0,0,0,0,0,0,1,0,0,0,0
0.0,18,4153,0.0,2.0,2,1,3,42,1,2.0,1,0,1,1,0,0,1,0,0,0,0,1,0,0,1,0,0,1,0,0,0,0,0,0,0,0,1,0,0,0,0
0.0,16,2625,0.0,4.0,2,1,4,43,1,2.0,1,1,1,1,0,0,0,1,0,0,1,0,0,0,0,1,0,0,1,0,0,0,1,0,0,0,0,0,0,0,0
3.0,20,3485,4.0,1.0,2,0,4,44,2,2.0,1,1,1,0,0,1,0,0,1,0,0,1,0,0,1,0,0,0,1,0,0,0,1,0,0,0,0,0,0,0,0
3.0,36,10477,4.0,4.0,2,0,4,42,2,2.0,1,0,1,0,0,0,0,0,0,1,0,1,0,1,0,0,0,0,1,0,0,0,0,1,0,0,0,0,0,0,0
3.0,15,1386,4.0,2.0,4,0,2,40,1,2.0,1,1,1,0,0,1,0,0,1,0,0,1,0,0,0,1,0,1,0,0,0,0,0,0,0,0,0,0,1,0,0
3.0,24,1278,0.0,4.0,4,0,1,36,1,3.0,1,1,1,0,0,0,0,0,1,0,0,1,0,0,1,0,0,1,0,0,0,0,0,0,0,0,0,0,1,0,0
0.0,12,1107,0.0,2.0,2,0,2,20,1,3.0,2,1,1,0,0,0,0,0,1,0,0,1,0,0,0,1,0,1,0,0,0,0,0,0,0,0,0,0,1,0,0
0.0,21,3763,4.0,3.0,2,1,2,24,1,1.0,1,0,0,0,0,0,0,0,1,0,0,1,0,0,1,0,0,1,0,0,0,0,1,0,0,0,0,0,0,0,0
1.0,36,3711,4.0,2.0,2,0,2,27,1,2.0,1,0,1,0,0,1,1,0,0,0,0,1,0,0,1,0,0,1,0,0,0,0,0,0,0,1,0,0,0,0,0
3.0,15,3594,0.0,1.0,1,0,2,46,2,1.0,1,0,1,0,1,1,0,1,0,0,0,1,0,0,1,0,0,0,0,1,0,0,0,1,0,0,0,0,0,0,0
1.0,9,3195,4.0,2.0,1,0,2,33,1,1.0,1,0,1,0,1,1,0,0,1,0,0,1,0,0,1,0,0,1,0,0,0,0,1,0,0,0,0,0,0,0,0
3.0,36,4454,0.0,2.0,4,0,4,34,2,2.0,1,0,1,0,1,1,0,0,1,0,0,1,0,0,1,0,0,0,0,1,0,0,0,0,0,0,0,0,1,0,0
1.0,24,4736,0.0,1.0,2,0,4,25,1,1.0,1,0,1,1,1,1,1,0,0,0,1,0,0,0,1,0,0,0,1,0,0,0,0,0,0,0,1,0,0,0,0
1.0,30,2991,4.0,4.0,2,0,4,25,1,2.0,1,0,1,0,1,1,1,0,0,0,0,1,0,0,1,0,0,1,0,0,0,0,0,0,0,0,0,0,1,0,0
3.0,11,2142,3.0,4.0,1,0,2,28,1,2.0,1,1,1,0,0,1,0,0,1,0,0,1,0,0,1,0,0,1,0,0,0,1,0,0,0,0,0,0,0,0,0
0.0,24,3161,0.0,2.0,4,0,2,31,1,2.0,1,1,1,1,0,0,0,1,0,0,0,1,0,0,0,1,1,0,0,0,0,1,0,0,0,0,0,0,0,0,0
1.0,48,18424,0.0,2.0,1,0,2,32,1,3.0,1,1,0,1,1,1,0,1,0,0,1,0,0,0,1,0,0,0,0,0,1,0,0,0,0,0,0,1,0,0,0
3.0,10,2848,1.0,2.0,1,1,2,32,1,2.0,2,0,1,0,0,0,0,0,1,0,0,1,0,0,1,0,0,1,0,0,0,0,0,1,0,0,0,0,0,0,0
0.0,6,14896,0.0,4.0,1,0,4,68,1,3.0,1,1,1,1,0,0,0,0,0,1,1,0,0,0,1,0,0,1,0,0,0,0,1,0,0,0,0,0,0,0,0
0.0,24,2359,1.0,0.0,1,0,1,33,1,2.0,1,0,1,1,0,1,0,1,0,0,0,1,0,0,1,0,0,1,0,0,0,0,0,0,0,0,1,0,0,0,0
0.0,24,3345,0.0,4.0,4,0,2,39,1,3.0,1,1,1,1,0,0,0,1,0,0,0,1,0,0,0,1,0,1,0,0,0,0,0,0,0,0,1,0,0,0,0
3.0,18,1817,0.0,2.0,4,0,2,28,2,2.0,1,0,1,0,1,1,0,0,0,1,0,1,0,0,1,0,0,0,1,0,0,0,0,0,0,0,1,0,0,0,0
3.0,48,12749,2.0,3.0,4,0,1,37,1,3.0,1,1,1,0,0,0,1,0,0,0,0,1,0,0,1,0,0,0,0,1,0,0,0,0,0,0,0,0,1,0,0
0.0,9,1366,0.0,1.0,3,0,4,22,1,2.0,1,0,1,1,1,1,0,1,0,0,0,1,0,0,0,1,0,1,0,0,0,0,0,0,0,0,0,0,1,0,0
1.0,12,2002,0.0,3.0,3,0,4,30,1,2.0,2,1,1,0,0,0,0,1,0,0,0,1,0,0,0,1,0,1,0,0,0,0,1,0,0,0,0,0,0,0,0
0.0,24,6872,0.0,1.0,2,0,1,55,1,2.0,1,1,1,1,0,1,0,1,0,0,1,0,0,0,1,0,1,0,0,0,0,0,0,0,0,0,1,0,0,0,0
0.0,12,697,0.0,1.0,4,0,2,46,2,2.0,1,1,1,1,0,0,1,0,0,0,1,0,0,0,1,0,1,0,0,0,0,0,1,0,0,0,0,0,0,0,0
0.0,18,1049,0.0,1.0,4,0,4,21,1,2.0,1,0,1,0,1,1,0,1,0,0,0,1,0,0,0,1,0,0,1,0,0,0,0,0,0,0,1,0,0,0,0
0.0,48,10297,0.0,3.0,4,0,4,39,3,2.0,2,1,1,1,0,0,0,0,0,1,0,0,1,1,0,0,0,1,0,0,0,0,0,1,0,0,0,0,0,0,0
3.0,30,1867,4.0,4.0,4,0,4,58,1,2.0,1,1,1,0,0,0,1,0,0,0,0,1,0,0,1,0,0,1,0,0,0,0,0,0,0,0,0,0,1,0,0
0.0,12,1344,0.0,2.0,4,0,2,43,2,1.0,2,0,1,0,0,0,0,0,1,0,0,1,0,0,1,0,0,0,0,1,0,0,1,0,0,0,0,0,0,0,0
0.0,24,1747,0.0,1.0,4,1,1,24,1,1.0,1,0,0,0,0,0,0,1,0,0,0,1,0,0,1,0,0,1,0,0,0,0,0,0,0,0,1,0,0,0,0
1.0,9,1670,0.0,1.0,4,0,2,22,1,2.0,1,1,1,1,1,1,1,0,0,0,0,1,0,0,1,0,0,1,0,0,0,0,0,0,0,0,0,0,1,0,0
3.0,9,1224,0.0,2.0,3,0,1,30,2,2.0,1,0,1,0,0,0,0,0,1,0,0,1,0,0,1,0,0,0,1,0,0,0,1,0,0,0,0,0,0,0,0
3.0,12,522,2.0,4.0,4,0,4,42,2,2.0,2,1,1,0,0,0,0,1,0,0,0,1,0,0,1,0,0,0,1,0,0,0,0,0,0,0,0,0,1,0,0
0.0,12,1498,0.0,2.0,4,0,1,23,1,2.0,1,0,1,0,1,1,1,0,0,0,1,0,0,0,1,0,0,1,0,0,0,0,0,0,0,0,0,0,1,0,0
1.0,30,1919,1.0,1.0,4,0,3,30,2,3.0,1,0,1,1,0,0,0,0,0,1,0,0,1,0,1,0,0,0,0,1,0,0,0,0,0,0,0,0,1,0,0
2.0,9,745,0.0,2.0,3,0,2,28,1,1.0,1,0,1,1,1,1,0,0,1,0,0,1,0,0,1,0,0,1,0,0,0,0,0,0,0,0,0,0,1,0,0
1.0,6,2063,0.0,1.0,4,0,3,30,1,3.0,1,1,1,0,0,1,1,0,0,0,0,1,0,0,0,1,0,1,0,0,0,0,0,0,0,0,0,0,1,0,0
1.0,60,6288,0.0,2.0,4,0,4,42,1,2.0,1,0,1,1,0,0,0,0,0,1,0,1,0,1,0,0,0,1,0,0,0,0,0,0,0,1,0,0,0,0,0
3.0,24,6842,4.0,2.0,2,0,4,46,2,3.0,2,1,1,0,0,0,0,1,0,0,0,1,0,0,1,0,0,0,1,0,0,0,0,1,0,0,0,0,0,0,0
3.0,12,3527,4.0,1.0,2,0,3,45,1,3.0,2,1,1,0,0,0,0,1,0,0,0,1,0,0,1,0,0,1,0,0,0,0,1,0,0,0,0,0,0,0,0
3.0,10,1546,0.0,2.0,3,0,2,31,1,1.0,2,0,0,0,0,0,0,0,1,0,0,1,0,0,1,0,0,1,0,0,0,0,1,0,0,0,0,0,0,0,0
3.0,24,929,4.0,3.0,4,0,2,31,1,2.0,1,1,1,0,0,0,1,0,0,0,0,0,1,0,1,0,0,1,0,0,0,0,0,0,0,0,1,0,0,0,0
3.0,4,1455,0.0,3.0,2,0,1,42,3,1.0,2,0,1,0,0,0,0,0,1,0,0,1,0,0,1,0,0,0,1,0,0,0,1,0,0,0,0,0,0,0,0
0.0,15,1845,0.0,1.0,4,1,1,46,1,2.0,1,0,1,0,1,1,0,1,0,0,0,1,0,0,0,1,0,1,0,0,0,0,0,0,0,0,1,0,0,0,0
1.0,48,8358,2.0,1.0,1,0,1,30,2,2.0,1,0,1,0,1,1,1,0,0,0,0,1,0,0,1,0,0,0,0,0,1,0,1,0,0,0,0,0,0,0,0
0.0,24,3349,2.0,1.0,4,0,4,30,1,2.0,2,1,1,1,0,0,0,0,0,1,0,1,0,1,0,0,1,0,0,0,0,0,0,0,0,0,1,0,0,0,0
3.0,12,2859,4.0,0.0,4,0,4,38,1,3.0,1,1,1,0,0,0,0,0,0,1,0,1,0,0,1,0,0,1,0,0,0,0,1,0,0,0,0,0,0,0,0
3.0,18,1533,0.0,1.0,4,1,1,43,1,1.0,2,0,1,1,0,1,0,1,0,0,0,1,0,0,1,0,0,1,0,0,0,0,0,0,0,0,1,0,0,0,0
3.0,24,3621,1.0,4.0,2,0,4,31,2,2.0,1,0,1,1,0,0,1,0,0,0,0,1,0,0,1,0,0,1,0,0,0,0,0,0,0,0,0,0,1,0,0
1.0,18,3590,0.0,0.0,3,0,3,40,3,0.0,2,1,1,0,0,1,1,0,0,0,0,1,0,0,1,0,0,0,1,0,0,1,0,0,0,0,0,0,0,0,0
0.0,36,2145,0.0,3.0,2,0,1,24,2,2.0,1,1,1,1,0,0,1,0,0,0,0,1,0,0,1,0,0,0,0,1,0,1,0,0,0,0,0,0,0,0,0
1.0,24,4113,2.0,1.0,3,0,4,28,1,2.0,1,0,1,1,1,1,1,0,0,0,0,1,0,0,0,1,0,1,0,0,0,0,0,1,0,0,0,0,0,0,0
3.0,36,10974,0.0,0.0,4,0,2,26,2,3.0,1,1,1,1,1,1,1,0,0,0,0,1,0,0,1,0,0,1,0,0,0,0,0,0,0,0,1,0,0,0,0
0.0,12,1893,0.0,2.0,4,1,4,29,1,2.0,1,1,1,0,1,1,0,1,0,0,0,1,0,0,1,0,0,1,0,0,0,0,1,0,0,0,0,0,0,0,0
0.0,24,1231,3.0,4.0,4,0,4,57,2,3.0,1,1,1,0,1,1,0,1,0,0,0,1,0,0,0,1,0,0,1,0,0,0,0,0,0,0,0,0,1,0,0
2.0,30,3656,4.0,4.0,4,0,4,49,2,1.0,1,0,1,0,0,0,0,1,0,0,0,0,1,0,1,0,0,0,1,0,0,0,0,0,0,0,0,0,1,0,0
1.0,9,1154,0.0,4.0,2,0,4,37,3,1.0,1,0,1,0,0,0,0,0,1,0,0,1,0,0,1,0,0,0,1,0,0,0,0,0,0,0,0,0,1,0,0
0.0,28,4006,0.0,2.0,3,0,2,45,1,1.0,1,0,1,1,0,0,1,0,0,0,0,1,0,0,1,0,0,1,0,0,0,0,1,0,0,0,0,0,0,0,0
1.0,24,3069,1.0,4.0,4,0,4,30,1,2.0,1,0,1,0,0,0,0,0,0,1,0,1,0,1,0,0,0,1,0,0,0,0,0,0,0,0,1,0,0,0,0
3.0,6,1740,0.0,4.0,2,0,2,30,2,2.0,1,0,1,0,0,1,0,0,1,0,0,1,0,0,0,1,0,0,1,0,0,0,0,0,0,0,0,0,1,0,0
1.0,21,2353,0.0,2.0,1,0,4,47,2,2.0,1,0,1,0,0,1,0,1,0,0,0,1,0,0,1,0,0,0,0,1,0,0,1,0,0,0,0,0,0,0,0
3.0,15,3556,4.0,2.0,3,0,2,29,1,2.0,1,0,1,0,0,0,0,0,0,1,0,1,0,0,1,0,0,1,0,0,0,0,1,0,0,0,0,0,0,0,0
3.0,24,2397,2.0,4.0,3,0,2,35,2,2.0,1,1,1,1,0,0,1,0,0,0,1,0,0,0,1,0,0,1,0,0,0,0,0,0,0,0,0,0,1,0,0
1.0,6,454,0.0,1.0,3,0,1,22,1,1.0,1,0,1,0,0,1,0,1,0,0,0,1,0,0,1,0,0,1,0,0,0,0,0,0,0,0,0,0,0,1,0
1.0,30,1715,4.0,2.0,4,0,1,26,1,2.0,1,0,1,0,1,1,1,0,0,0,0,1,0,0,1,0,0,1,0,0,0,0,0,0,0,0,0,0,1,0,0
1.0,27,2520,2.0,2.0,4,0,2,23,2,1.0,1,0,1,1,0,0,0,1,0,0,0,1,0,0,1,0,0,0,1,0,0,0,0,0,0,0,0,0,1,0,0
3.0,15,3568,0.0,4.0,4,0,2,54,1,3.0,1,1,1,0,1,1,1,0,0,0,1,0,0,0,0,1,0,1,0,0,0,0,0,0,0,0,0,0,1,0,0
3.0,42,7166,4.0,3.0,2,0,4,29,1,2.0,1,1,1,0,0,1,0,1,0,0,0,1,0,0,0,1,0,1,0,0,0,0,0,0,0,0,0,0,1,0,0
0.0,11,3939,0.0,2.0,1,0,2,40,2,1.0,2,0,1,0,0,0,0,0,1,0,0,1,0,0,1,0,0,0,1,0,0,0,1,0,0,0,0,0,0,0,0
1.0,15,1514,1.0,2.0,4,1,2,22,1,2.0,1,0,1,0,0,0,0,0,1,0,0,1,0,0,1,0,0,1,0,0,0,0,0,0,0,0,0,0,0,1,0
3.0,24,7393,0.0,2.0,1,0,4,43,1,1.0,2,0,1,0,0,0,0,1,0,0,0,1,0,0,1,0,0,1,0,0,0,0,1,0,0,0,0,0,0,0,0
0.0,24,1193,0.0,0.0,1,1,4,29,2,0.0,1,0,1,1,1,1,0,0,0,1,0,1,0,0,0,1,1,0,0,0,0,0,1,0,0,0,0,0,0,0,0
0.0,60,7297,0.0,4.0,4,1,4,36,1,2.0,1,0,1,1,0,0,0,0,0,1,0,1,0,0,0,1,0,1,0,0,0,1,0,0,0,0,0,0,0,0,0
3.0,30,2831,0.0,2.0,4,0,2,33,1,2.0,1,1,1,0,1,1,1,0,0,0,0,1,0,0,1,0,0,0,1,0,0,0,0,0,0,0,0,0,1,0,0
2.0,24,1258,2.0,2.0,3,0,3,57,1,1.0,1,0,1,0,1,1,1,0,0,0,0,1,0,0,1,0,0,1,0,0,0,0,0,0,0,0,0,0,1,0,0
1.0,6,753,0.0,2.0,2,1,3,64,1,2.0,1,0,1,0,1,1,0,0,1,0,0,1,0,0,1,0,0,1,0,0,0,0,0,0,0,0,0,0,1,0,0
1.0,18,2427,4.0,4.0,4,0,2,42,2,2.0,1,0,1,0,0,0,0,1,0,0,0,1,0,0,1,0,0,0,0,1,0,1,0,0,0,0,0,0,0,0,0
3.0,24,2538,0.0,4.0,4,0,4,47,2,1.0,2,0,1,1,0,0,1,0,0,0,0,1,0,0,1,0,0,0,0,1,0,0,1,0,0,0,0,0,0,0,0
1.0,15,1264,1.0,2.0,2,0,2,25,1,2.0,1,0,1,1,0,1,0,1,0,0,0,1,0,0,0,1,1,0,0,0,0,0,1,0,0,0,0,0,0,0,0
1.0,30,8386,0.0,3.0,2,0,2,49,1,2.0,1,0,1,1,0,0,0,1,0,0,0,1,0,0,1,0,0,0,1,0,0,0,0,0,0,0,1,0,0,0,0
3.0,48,4844,0.0,0.0,3,0,2,33,1,3.0,1,1,1,1,0,0,1,0,0,0,1,0,0,0,0,1,0,1,0,0,0,1,0,0,0,0,0,0,0,0,0
2.0,21,2923,1.0,2.0,1,0,1,28,1,3.0,1,1,1,0,1,1,1,0,0,0,1,0,0,0,1,0,0,1,0,0,0,0,1,0,0,0,0,0,0,0,0
0.0,36,8229,0.0,2.0,2,0,2,26,1,2.0,2,0,1,1,0,0,0,1,0,0,0,1,0,0,1,0,0,1,0,0,0,0,0,1,0,0,0,0,0,0,0
3.0,24,2028,0.0,3.0,2,0,2,30,2,1.0,1,0,1,0,0,0,0,1,0,0,0,1,0,0,1,0,0,0,1,0,0,0,0,0,0,0,1,0,0,0,0
0.0,15,1433,0.0,2.0,4,0,3,25,2,2.0,1,0,1,0,1,1,0,1,0,0,0,1,0,0,0,1,0,0,1,0,0,0,0,0,0,0,1,0,0,0,0
2.0,42,6289,0.0,1.0,2,0,1,33,2,2.0,1,0,1,0,0,1,0,1,0,0,0,1,0,0,1,0,0,0,0,0,1,1,0,0,0,0,0,0,0,0,0
3.0,13,1409,1.0,0.0,2,0,4,64,1,2.0,1,0,1,0,1,1,0,0,1,0,0,1,0,0,1,0,0,1,0,0,0,0,0,0,0,0,0,0,1,0,0
0.0,24,6579,0.0,0.0,4,0,2,29,1,3.0,1,1,1,0,0,0,0,0,0,1,0,1,0,1,0,0,0,1,0,0,0,0,0,1,0,0,0,0,0,0,0
1.0,24,1743,0.0,4.0,4,0,2,48,2,1.0,1,0,1,0,0,0,0,1,0,0,0,1,0,0,1,0,0,0,1,0,0,0,0,0,0,0,0,0,1,0,0
3.0,12,3565,4.0,1.0,2,0,1,37,2,1.0,2,0,1,0,0,0,0,1,0,0,0,1,0,0,1,0,0,0,1,0,0,0,0,0,0,1,0,0,0,0,0
3.0,15,1569,1.0,4.0,4,0,4,34,1,1.0,2,0,1,0,0,0,1,0,0,0,1,0,0,0,1,0,1,0,0,0,0,0,0,0,0,0,0,0,1,0,0
0.0,18,1936,4.0,3.0,2,0,4,23,2,1.0,1,0,1,0,0,1,1,0,0,0,0,1,0,0,0,1,0,1,0,0,0,0,0,0,0,0,0,0,1,0,0
0.0,36,3959,0.0,0.0,4,0,3,30,1,3.0,1,1,1,0,0,0,0,1,0,0,0,1,0,0,1,0,0,1,0,0,0,0,0,0,0,0,1,0,0,0,0
3.0,12,2390,4.0,4.0,4,0,3,50,1,2.0,1,1,1,0,0,0,1,0,0,0,0,1,0,0,1,0,0,1,0,0,0,0,1,0,0,0,0,0,0,0,0
3.0,12,1736,0.0,3.0,3,0,4,31,1,1.0,1,0,1,0,1,1,0,0,1,0,0,1,0,0,1,0,0,1,0,0,0,0,0,0,0,0,1,0,0,0,0
0.0,30,3857,0.0,2.0,4,0,4,40,1,3.0,1,1,1,0,0,1,0,1,0,0,0,1,0,0,1,0,0,1,0,0,0,0,0,1,0,0,0,0,0,0,0
3.0,12,804,0.0,4.0,4,0,4,38,1,2.0,1,0,1,0,0,0,1,0,0,0,0,1,0,0,1,0,0,1,0,0,0,0,0,0,0,0,0,0,1,0,0
0.0,45,1845,0.0,2.0,4,0,4,23,1,2.0,1,1,1,1,0,0,0,0,0,1,0,1,0,1,0,0,0,1,0,0,0,0,0,0,0,0,0,0,1,0,0
1.0,45,4576,1.0,0.0,3,0,4,27,1,2.0,1,0,1,0,0,0,1,0,0,0,0,1,0,0,1,0,0,0,1,0,0,0,0,1,0,0,0,0,0,0,0
